(index)->(Latitude,Longitude,Country(Text),State(Text),Region(Text),Time,rate,Population)
Latitude[ unit="degrees" ],Longitude[ unit="degrees" ],Country(Text),State(Text),Region(Text),Population[],Time[ fmt="yyyy-MM-dd" ],rate[ missing="-9999.9" ]
Latitude=9.40094
Longitude=12.5657
Country=nigeria
State=Adamawa
Region=Gombi
Population=159541.0
2009-01-04,-9999.9
2009-01-11,-9999.9
2009-01-18,-9999.9
2009-01-25,-9999.9
2009-02-01,-9999.9
2009-02-08,-9999.9
2009-02-15,-9999.9
2009-02-22,-9999.9
2009-03-01,1.25
2009-03-08,-9999.9
2009-03-15,-9999.9
2009-03-22,5.64
2009-03-29,2.51
2009-04-05,2.51
2009-04-12,-9999.9
2009-04-19,-9999.9
2009-04-26,-9999.9
Latitude=9.86427
Longitude=11.93181
Country=nigeria
State=Adamawa
Region=Guyuk
Population=193705.0
2009-01-04,-9999.9
2009-01-11,-9999.9
2009-01-18,-9999.9
2009-01-25,-9999.9
2009-02-01,-9999.9
2009-02-08,-9999.9
2009-02-15,-9999.9
2009-02-22,-9999.9
2009-03-01,6.19
2009-03-08,6.19
2009-03-15,17.55
2009-03-22,23.75
2009-03-29,9.81
2009-04-05,6.71
2009-04-12,3.1
2009-04-19,4.13
2009-04-26,-9999.9
Latitude=9.50975
Longitude=11.75735
Country=nigeria
State=Adamawa
Region=Lamurde
Population=122904.0
2009-01-04,-9999.9
2009-01-11,-9999.9
2009-01-18,-9999.9
2009-01-25,-9999.9
2009-02-01,-9999.9
2009-02-08,-9999.9
2009-02-15,4.07
2009-02-22,4.88
2009-03-01,20.34
2009-03-08,5.7
2009-03-15,8.95
2009-03-22,1.63
2009-03-29,1.63
2009-04-05,-9999.9
2009-04-12,-9999.9
2009-04-19,-9999.9
2009-04-26,-9999.9
Latitude=10.88698
Longitude=13.62309
Country=nigeria
State=Adamawa
Region=Madagali
Population=146900.0
2009-01-04,-9999.9
2009-01-11,0.68
2009-01-18,0.68
2009-01-25,-9999.9
2009-02-01,-9999.9
2009-02-08,-9999.9
2009-02-15,10.21
2009-02-22,2.72
2009-03-01,6.13
2009-03-08,-9999.9
2009-03-15,-9999.9
2009-03-22,2.72
2009-03-29,7.49
2009-04-05,-9999.9
2009-04-12,-9999.9
2009-04-19,-9999.9
2009-04-26,-9999.9
Latitude=9.84696
Longitude=13.21825
Country=nigeria
State=Adamawa
Region=Maiha
Population=121174.0
2009-01-04,-9999.9
2009-01-11,-9999.9
2009-01-18,-9999.9
2009-01-25,-9999.9
2009-02-01,-9999.9
2009-02-08,-9999.9
2009-02-15,-9999.9
2009-02-22,-9999.9
2009-03-01,-9999.9
2009-03-08,-9999.9
2009-03-15,-9999.9
2009-03-22,1.65
2009-03-29,11.55
2009-04-05,3.3
2009-04-12,-9999.9
2009-04-19,-9999.9
2009-04-26,-9999.9
Latitude=9.05448
Longitude=12.05998
Country=nigeria
State=Adamawa
Region=Mayo Belwa
Population=166841.0
2009-01-04,-9999.9
2009-01-11,-9999.9
2009-01-18,-9999.9
2009-01-25,-9999.9
2009-02-01,-9999.9
2009-02-08,-9999.9
2009-02-15,-9999.9
2009-02-22,-9999.9
2009-03-01,-9999.9
2009-03-08,-9999.9
2009-03-15,3.6
2009-03-22,7.19
2009-03-29,8.99
2009-04-05,-9999.9
2009-04-12,-9999.9
2009-04-19,-9999.9
2009-04-26,-9999.9
Latitude=10.61226
Longitude=13.39017
Country=nigeria
State=Adamawa
Region=Michika
Population=169209.0
2009-01-04,0.59
2009-01-11,1.18
2009-01-18,2.95
2009-01-25,1.77
2009-02-01,6.5
2009-02-08,-9999.9
2009-02-15,4.14
2009-02-22,4.73
2009-03-01,12.41
2009-03-08,2.95
2009-03-15,6.5
2009-03-22,6.5
2009-03-29,4.14
2009-04-05,1.77
2009-04-12,3.55
2009-04-19,1.77
2009-04-26,-9999.9
Latitude=9.46217
Longitude=12.019
Country=nigeria
State=Adamawa
Region=Numan
Population=98847.0
2009-01-04,-9999.9
2009-01-11,-9999.9
2009-01-18,-9999.9
2009-01-25,-9999.9
2009-02-01,-9999.9
2009-02-08,-9999.9
2009-02-15,-9999.9
2009-02-22,1.01
2009-03-01,1.01
2009-03-08,1.01
2009-03-15,8.09
2009-03-22,8.09
2009-03-29,5.06
2009-04-05,-9999.9
2009-04-12,-9999.9
2009-04-19,-9999.9
2009-04-26,3.03
Latitude=9.8975
Longitude=12.00889
Country=nigeria
State=Adamawa
Region=Shelleng
Population=162418.0
2009-01-04,-9999.9
2009-01-11,-9999.9
2009-01-18,-9999.9
2009-01-25,-9999.9
2009-02-01,-9999.9
2009-02-08,-9999.9
2009-02-15,1.23
2009-02-22,5.54
2009-03-01,7.39
2009-03-08,42.48
2009-03-15,33.86
2009-03-22,25.24
2009-03-29,25.86
2009-04-05,-9999.9
2009-04-12,-9999.9
2009-04-19,-9999.9
2009-04-26,-9999.9
Latitude=9.78538
Longitude=12.7374
Country=nigeria
State=Adamawa
Region=Song
Population=209953.0
2009-01-04,-9999.9
2009-01-11,-9999.9
2009-01-18,-9999.9
2009-01-25,-9999.9
2009-02-01,-9999.9
2009-02-08,-9999.9
2009-02-15,-9999.9
2009-02-22,1.91
2009-03-01,4.29
2009-03-08,4.76
2009-03-15,12.86
2009-03-22,3.33
2009-03-29,8.57
2009-04-05,7.14
2009-04-12,4.29
2009-04-19,-9999.9
2009-04-26,-9999.9
Latitude=9.27279
Longitude=12.49015
Country=nigeria
State=Adamawa
Region=Yola North
Population=216000.0
2009-01-04,0.46
2009-01-11,-9999.9
2009-01-18,-9999.9
2009-01-25,-9999.9
2009-02-01,-9999.9
2009-02-08,-9999.9
2009-02-15,-9999.9
2009-02-22,0.46
2009-03-01,-9999.9
2009-03-08,-9999.9
2009-03-15,4.17
2009-03-22,5.56
2009-03-29,7.87
2009-04-05,2.31
2009-04-12,3.24
2009-04-19,6.48
2009-04-26,-9999.9
Latitude=9.17835
Longitude=12.5932
Country=nigeria
State=Adamawa
Region=Yola South
Population=212034.0
2009-01-04,-9999.9
2009-01-11,-9999.9
2009-01-18,-9999.9
2009-01-25,-9999.9
2009-02-01,-9999.9
2009-02-08,-9999.9
2009-02-15,-9999.9
2009-02-22,0.94
2009-03-01,0.47
2009-03-08,0.47
2009-03-15,1.41
2009-03-22,-9999.9
2009-03-29,8.49
2009-04-05,-9999.9
2009-04-12,-9999.9
2009-04-19,-9999.9
2009-04-26,-9999.9
Latitude=9.88567
Longitude=10.46319
Country=nigeria
State=Bauchi
Region=Alkaleri
Population=364181.0
2009-01-04,-9999.9
2009-01-11,-9999.9
2009-01-18,-9999.9
2009-01-25,-9999.9
2009-02-01,-9999.9
2009-02-08,-9999.9
2009-02-15,-9999.9
2009-02-22,-9999.9
2009-03-01,6.32
2009-03-08,5.77
2009-03-15,0.82
2009-03-22,0.82
2009-03-29,14.83
2009-04-05,12.08
2009-04-12,3.3
2009-04-19,3.02
2009-04-26,1.92
Latitude=10.31444
Longitude=9.84202
Country=nigeria
State=Bauchi
Region=Bauchi
Population=545911.0
2009-01-04,-9999.9
2009-01-11,-9999.9
2009-01-18,0.37
2009-01-25,-9999.9
2009-02-01,0.55
2009-02-08,0.18
2009-02-15,0.18
2009-02-22,7.69
2009-03-01,6.59
2009-03-08,3.85
2009-03-15,7.33
2009-03-22,7.14
2009-03-29,10.07
2009-04-05,20.33
2009-04-12,23.26
2009-04-19,27.84
2009-04-26,3.85
Latitude=9.62272
Longitude=9.63118
Country=nigeria
State=Bauchi
Region=Bogoro
Population=93100.0
2009-01-04,-9999.9
2009-01-11,-9999.9
2009-01-18,-9999.9
2009-01-25,-9999.9
2009-02-01,-9999.9
2009-02-08,-9999.9
2009-02-15,-9999.9
2009-02-22,2.15
2009-03-01,8.59
2009-03-08,17.19
2009-03-15,65.52
2009-03-22,22.56
2009-03-29,37.59
2009-04-05,3.22
2009-04-12,4.3
2009-04-19,9.67
2009-04-26,12.89
Latitude=11.5626
Longitude=10.80964
Country=nigeria
State=Bauchi
Region=Damban
Population=166845.0
2009-01-04,1.2
2009-01-11,2.4
2009-01-18,4.2
2009-01-25,9.59
2009-02-01,7.19
2009-02-08,17.98
2009-02-15,28.77
2009-02-22,49.75
2009-03-01,23.37
2009-03-08,50.95
2009-03-15,23.37
2009-03-22,25.77
2009-03-29,23.97
2009-04-05,22.78
2009-04-12,22.18
2009-04-19,19.18
2009-04-26,10.19
Latitude=10.99147
Longitude=10.40719
Country=nigeria
State=Bauchi
Region=Darazo
Population=278142.0
2009-01-04,-9999.9
2009-01-11,-9999.9
2009-01-18,-9999.9
2009-01-25,-9999.9
2009-02-01,0.36
2009-02-08,0.36
2009-02-15,8.99
2009-02-22,3.6
2009-03-01,6.83
2009-03-08,12.58
2009-03-15,10.07
2009-03-22,20.13
2009-03-29,26.61
2009-04-05,20.85
2009-04-12,15.1
2009-04-19,9.35
2009-04-26,5.75
Latitude=9.97077
Longitude=9.48118
Country=nigeria
State=Bauchi
Region=Dass
Population=99433.0
2009-01-04,-9999.9
2009-01-11,-9999.9
2009-01-18,-9999.9
2009-01-25,-9999.9
2009-02-01,-9999.9
2009-02-08,1.01
2009-02-15,-9999.9
2009-02-22,-9999.9
2009-03-01,-9999.9
2009-03-08,4.02
2009-03-15,13.07
2009-03-22,1.01
2009-03-29,7.04
2009-04-05,5.03
2009-04-12,5.03
2009-04-19,12.07
2009-04-26,10.06
Latitude=12.13193
Longitude=10.54156
Country=nigeria
State=Bauchi
Region=Gamawa
Population=316604.0
2009-01-04,-9999.9
2009-01-11,-9999.9
2009-01-18,-9999.9
2009-01-25,-9999.9
2009-02-01,0.95
2009-02-08,0.63
2009-02-15,2.53
2009-02-22,3.47
2009-03-01,4.11
2009-03-08,4.42
2009-03-15,8.84
2009-03-22,7.9
2009-03-29,3.47
2009-04-05,4.74
2009-04-12,13.58
2009-04-19,5.37
2009-04-26,3.79
Latitude=10.7398
Longitude=10.06124
Country=nigeria
State=Bauchi
Region=Ganjuwa
Population=310059.0
2009-01-04,-9999.9
2009-01-11,-9999.9
2009-01-18,0.32
2009-01-25,-9999.9
2009-02-01,-9999.9
2009-02-08,-9999.9
2009-02-15,-9999.9
2009-02-22,1.94
2009-03-01,-9999.9
2009-03-08,11.61
2009-03-15,23.33
2009-03-22,50.64
2009-03-29,45.15
2009-04-05,56.12
2009-04-12,21.93
2009-04-19,17.74
2009-04-26,35.15
Latitude=11.39099
Longitude=10.28275
Country=nigeria
State=Bauchi
Region=Giade
Population=173530.0
2009-01-04,0.58
2009-01-11,-9999.9
2009-01-18,-9999.9
2009-01-25,-9999.9
2009-02-01,-9999.9
2009-02-08,-9999.9
2009-02-15,1.15
2009-02-22,19.59
2009-03-01,7.49
2009-03-08,24.2
2009-03-15,40.92
2009-03-22,38.03
2009-03-29,78.95
2009-04-05,76.07
2009-04-12,66.27
2009-04-19,59.36
2009-04-26,29.97
Latitude=11.88854
Longitude=10.09176
Country=nigeria
State=Bauchi
Region=Itas-Gadau
Population=254262.0
2009-01-04,-9999.9
2009-01-11,-9999.9
2009-01-18,-9999.9
2009-01-25,2.75
2009-02-01,1.57
2009-02-08,-9999.9
2009-02-15,1.97
2009-02-22,11.41
2009-03-01,17.3
2009-03-08,6.69
2009-03-15,46.41
2009-03-22,22.02
2009-03-29,31.46
2009-04-05,76.3
2009-04-12,25.96
2009-04-19,13.77
2009-04-26,7.08
Latitude=10.31444
Longitude=9.84202
Country=nigeria
State=Bauchi
Region=Jama'Are
Population=130321.0
2009-01-04,-9999.9
2009-01-11,-9999.9
2009-01-18,-9999.9
2009-01-25,-9999.9
2009-02-01,-9999.9
2009-02-08,-9999.9
2009-02-15,6.91
2009-02-22,15.35
2009-03-01,16.88
2009-03-08,17.65
2009-03-15,33.76
2009-03-22,65.99
2009-03-29,45.27
2009-04-05,216.39
2009-04-12,39.9
2009-04-19,42.2
2009-04-26,13.81
Latitude=11.60582
Longitude=10.25991
Country=nigeria
State=Bauchi
Region=Katagum
Population=327197.0
2009-01-04,-9999.9
2009-01-11,-9999.9
2009-01-18,-9999.9
2009-01-25,-9999.9
2009-02-01,-9999.9
2009-02-08,4.89
2009-02-15,6.11
2009-02-22,22.62
2009-03-01,12.23
2009-03-08,24.45
2009-03-15,38.51
2009-03-22,33.92
2009-03-29,50.73
2009-04-05,41.57
2009-04-12,16.2
2009-04-19,25.37
2009-04-26,11.31
Latitude=10.389
Longitude=10.49898
Country=nigeria
State=Bauchi
Region=Kirfi
Population=163193.0
2009-01-04,-9999.9
2009-01-11,-9999.9
2009-01-18,-9999.9
2009-01-25,-9999.9
2009-02-01,1.23
2009-02-08,-9999.9
2009-02-15,-9999.9
2009-02-22,-9999.9
2009-03-01,-9999.9
2009-03-08,-9999.9
2009-03-15,1.23
2009-03-22,5.51
2009-03-29,5.51
2009-04-05,6.74
2009-04-12,41.06
2009-04-19,16.54
2009-04-26,7.35
Latitude=11.32037
Longitude=10.46344
Country=nigeria
State=Bauchi
Region=Misau
Population=291287.0
2009-01-04,-9999.9
2009-01-11,-9999.9
2009-01-18,-9999.9
2009-01-25,-9999.9
2009-02-01,-9999.9
2009-02-08,1.37
2009-02-15,-9999.9
2009-02-22,2.06
2009-03-01,3.78
2009-03-08,3.43
2009-03-15,4.12
2009-03-22,4.12
2009-03-29,17.51
2009-04-05,27.46
2009-04-12,21.97
2009-04-19,10.3
2009-04-26,7.55
Latitude=11.03392
Longitude=9.25291
Country=nigeria
State=Bauchi
Region=Ningi
Population=428044.0
2009-01-04,-9999.9
2009-01-11,1.64
2009-01-18,-9999.9
2009-01-25,-9999.9
2009-02-01,-9999.9
2009-02-08,-9999.9
2009-02-15,-9999.9
2009-02-22,-9999.9
2009-03-01,0.93
2009-03-08,4.91
2009-03-15,6.07
2009-03-22,5.84
2009-03-29,19.86
2009-04-05,10.51
2009-04-12,16.12
2009-04-19,39.95
2009-04-26,12.38
Latitude=11.4188
Longitude=10.09618
Country=nigeria
State=Bauchi
Region=Shira
Population=258704.0
2009-01-04,-9999.9
2009-01-11,-9999.9
2009-01-18,-9999.9
2009-01-25,-9999.9
2009-02-01,1.55
2009-02-08,-9999.9
2009-02-15,6.57
2009-02-22,9.28
2009-03-01,8.89
2009-03-08,15.08
2009-03-15,14.3
2009-03-22,15.46
2009-03-29,17.39
2009-04-05,14.69
2009-04-12,10.44
2009-04-19,11.6
2009-04-26,4.64
Latitude=10.31444
Longitude=9.84202
Country=nigeria
State=Bauchi
Region=T/Balewa
Population=243198.0
2009-01-04,-9999.9
2009-01-11,-9999.9
2009-01-18,-9999.9
2009-01-25,-9999.9
2009-02-01,-9999.9
2009-02-08,-9999.9
2009-02-15,-9999.9
2009-02-22,-9999.9
2009-03-01,-9999.9
2009-03-08,4.93
2009-03-15,6.99
2009-03-22,3.29
2009-03-29,3.7
2009-04-05,5.35
2009-04-12,6.99
2009-04-19,2.47
2009-04-26,7.81
Latitude=10.05881
Longitude=9.09133
Country=nigeria
State=Bauchi
Region=Toro
Population=387374.0
2009-01-04,-9999.9
2009-01-11,-9999.9
2009-01-18,-9999.9
2009-01-25,-9999.9
2009-02-01,-9999.9
2009-02-08,-9999.9
2009-02-15,-9999.9
2009-02-22,3.1
2009-03-01,1.29
2009-03-08,0.52
2009-03-15,2.84
2009-03-22,4.9
2009-03-29,2.32
2009-04-05,8.78
2009-04-12,8.0
2009-04-19,5.16
2009-04-26,4.39
Latitude=11.15853
Longitude=9.74299
Country=nigeria
State=Bauchi
Region=Warji
Population=126824.0
2009-01-04,-9999.9
2009-01-11,-9999.9
2009-01-18,-9999.9
2009-01-25,-9999.9
2009-02-01,-9999.9
2009-02-08,-9999.9
2009-02-15,5.52
2009-02-22,3.94
2009-03-01,-9999.9
2009-03-08,3.94
2009-03-15,14.98
2009-03-22,9.46
2009-03-29,16.56
2009-04-05,8.67
2009-04-12,6.31
2009-04-19,43.37
2009-04-26,0.79
Latitude=12.21013
Longitude=10.29221
Country=nigeria
State=Bauchi
Region=Zaki
Population=211657.0
2009-01-04,-9999.9
2009-01-11,-9999.9
2009-01-18,-9999.9
2009-01-25,-9999.9
2009-02-01,0.94
2009-02-08,3.31
2009-02-15,-9999.9
2009-02-22,5.2
2009-03-01,3.31
2009-03-08,7.09
2009-03-15,20.32
2009-03-22,4.72
2009-03-29,8.98
2009-04-05,4.25
2009-04-12,10.39
2009-04-19,12.76
2009-04-26,8.98
Latitude=11.87287
Longitude=13.12658
Country=nigeria
State=Borno
Region=A/Uba
Population=152661.0
2009-01-04,-9999.9
2009-01-11,-9999.9
2009-01-18,-9999.9
2009-01-25,-9999.9
2009-02-01,-9999.9
2009-02-08,-9999.9
2009-02-15,-9999.9
2009-02-22,1.31
2009-03-01,1.97
2009-03-08,-9999.9
2009-03-15,5.9
2009-03-22,1.97
2009-03-29,7.86
2009-04-05,8.52
2009-04-12,-9999.9
2009-04-19,-9999.9
2009-04-26,-9999.9
Latitude=10.46653
Longitude=11.8156
Country=nigeria
State=Borno
Region=Bayo
Population=87311.0
2009-01-04,-9999.9
2009-01-11,5.73
2009-01-18,5.73
2009-01-25,16.03
2009-02-01,8.02
2009-02-08,10.31
2009-02-15,18.33
2009-02-22,18.33
2009-03-01,35.51
2009-03-08,-9999.9
2009-03-15,37.8
2009-03-22,93.92
2009-03-29,64.14
2009-04-05,49.25
2009-04-12,28.63
2009-04-19,-9999.9
2009-04-26,-9999.9
Latitude=10.57838
Longitude=12.21947
Country=nigeria
State=Borno
Region=Biu
Population=194649.0
2009-01-04,-9999.9
2009-01-11,-9999.9
2009-01-18,-9999.9
2009-01-25,1.54
2009-02-01,1.03
2009-02-08,3.6
2009-02-15,4.11
2009-02-22,8.22
2009-03-01,13.36
2009-03-08,8.22
2009-03-15,8.73
2009-03-22,7.71
2009-03-29,17.47
2009-04-05,13.36
2009-04-12,20.04
2009-04-19,2.05
2009-04-26,-9999.9
Latitude=10.46335
Longitude=12.3646
Country=nigeria
State=Borno
Region=Hawul
Population=133008.0
2009-01-04,-9999.9
2009-01-11,-9999.9
2009-01-18,-9999.9
2009-01-25,-9999.9
2009-02-01,-9999.9
2009-02-08,-9999.9
2009-02-15,-9999.9
2009-02-22,3.01
2009-03-01,9.02
2009-03-08,3.01
2009-03-15,2.26
2009-03-22,-9999.9
2009-03-29,1.5
2009-04-05,1.5
2009-04-12,-9999.9
2009-04-19,-9999.9
2009-04-26,1.5
Latitude=11.90005
Longitude=13.26025
Country=nigeria
State=Borno
Region=Jere
Population=233488.0
2009-01-04,-9999.9
2009-01-11,-9999.9
2009-01-18,-9999.9
2009-01-25,-9999.9
2009-02-01,-9999.9
2009-02-08,-9999.9
2009-02-15,-9999.9
2009-02-22,-9999.9
2009-03-01,1.28
2009-03-08,-9999.9
2009-03-15,2.14
2009-03-22,-9999.9
2009-03-29,2.14
2009-04-05,7.28
2009-04-12,14.99
2009-04-19,34.69
2009-04-26,-9999.9
Latitude=11.60325
Longitude=12.52378
Country=nigeria
State=Borno
Region=Kaga
Population=99512.0
2009-01-04,-9999.9
2009-01-11,-9999.9
2009-01-18,-9999.9
2009-01-25,-9999.9
2009-02-01,-9999.9
2009-02-08,-9999.9
2009-02-15,-9999.9
2009-02-22,-9999.9
2009-03-01,-9999.9
2009-03-08,2.01
2009-03-15,-9999.9
2009-03-22,2.01
2009-03-29,4.02
2009-04-05,5.02
2009-04-12,10.05
2009-04-19,5.02
2009-04-26,-9999.9
Latitude=11.87287
Longitude=13.12658
Country=nigeria
State=Borno
Region=Kw/Kusar
Population=62461.0
2009-01-04,-9999.9
2009-01-11,-9999.9
2009-01-18,-9999.9
2009-01-25,-9999.9
2009-02-01,-9999.9
2009-02-08,-9999.9
2009-02-15,-9999.9
2009-02-22,1.6
2009-03-01,17.61
2009-03-08,14.41
2009-03-15,97.66
2009-03-22,67.24
2009-03-29,35.22
2009-04-05,24.01
2009-04-12,9.61
2009-04-19,-9999.9
2009-04-26,8.0
Latitude=10.1866
Longitude=11.97685
Country=nigeria
State=Borno
Region=Shani 
Population=113112.0
2009-01-04,-9999.9
2009-01-11,-9999.9
2009-01-18,-9999.9
2009-01-25,-9999.9
2009-02-01,-9999.9
2009-02-08,13.26
2009-02-15,18.57
2009-02-22,3.54
2009-03-01,7.96
2009-03-08,-9999.9
2009-03-15,0.88
2009-03-22,-9999.9
2009-03-29,6.19
2009-04-05,1.77
2009-04-12,-9999.9
2009-04-19,-9999.9
2009-04-26,-9999.9
Latitude=11.15781
Longitude=12.76045
Country=nigeria
State=Borno
Region=Damboa
Population=256006.0
2009-01-04,-9999.9
2009-01-11,-9999.9
2009-01-18,-9999.9
2009-01-25,-9999.9
2009-02-01,-9999.9
2009-02-08,-9999.9
2009-02-15,-9999.9
2009-02-22,-9999.9
2009-03-01,-9999.9
2009-03-08,-9999.9
2009-03-15,0.78
2009-03-22,5.47
2009-03-29,6.64
2009-04-05,8.2
2009-04-12,4.3
2009-04-19,2.34
2009-04-26,10.94
Latitude=10.13866
Longitude=11.02701
Country=nigeria
State=Gombe
Region=Akko
Population=371336.0
2009-01-04,-9999.9
2009-01-11,-9999.9
2009-01-18,-9999.9
2009-01-25,-9999.9
2009-02-01,-9999.9
2009-02-08,-9999.9
2009-02-15,1.62
2009-02-22,4.58
2009-03-01,7.81
2009-03-08,16.43
2009-03-15,16.7
2009-03-22,16.97
2009-03-29,31.51
2009-04-05,16.97
2009-04-12,14.81
2009-04-19,7.0
2009-04-26,3.23
Latitude=9.84946
Longitude=11.81402
Country=nigeria
State=Gombe
Region=Balanga
Population=233614.0
2009-01-04,-9999.9
2009-01-11,-9999.9
2009-01-18,-9999.9
2009-01-25,-9999.9
2009-02-01,-9999.9
2009-02-08,-9999.9
2009-02-15,4.28
2009-02-22,4.28
2009-03-01,23.54
2009-03-08,3.85
2009-03-15,21.83
2009-03-22,65.92
2009-03-29,47.94
2009-04-05,29.22
2009-04-12,25.26
2009-04-19,8.99
2009-04-26,4.71
Latitude=9.90257
Longitude=11.208
Country=nigeria
State=Gombe
Region=Billiri
Population=222177.0
2009-01-04,-9999.9
2009-01-11,-9999.9
2009-01-18,-9999.9
2009-01-25,-9999.9
2009-02-01,-9999.9
2009-02-08,-9999.9
2009-02-15,-9999.9
2009-02-22,3.6
2009-03-01,9.9
2009-03-08,9.9
2009-03-15,13.05
2009-03-22,9.0
2009-03-29,11.25
2009-04-05,4.5
2009-04-12,1.8
2009-04-19,4.95
2009-04-26,-9999.9
Latitude=10.76063
Longitude=10.85722
Country=nigeria
State=Gombe
Region=Dukku
Population=227724.0
2009-01-04,-9999.9
2009-01-11,-9999.9
2009-01-18,0.88
2009-01-25,-9999.9
2009-02-01,-9999.9
2009-02-08,2.63
2009-02-15,2.2
2009-02-22,23.27
2009-03-01,16.25
2009-03-08,13.61
2009-03-15,45.23
2009-03-22,24.59
2009-03-29,38.2
2009-04-05,21.08
2009-04-12,16.25
2009-04-19,5.71
2009-04-26,0.44
Latitude=10.81315
Longitude=11.35291
Country=nigeria
State=Gombe
Region=Funakaye
Population=259484.0
2009-01-04,-9999.9
2009-01-11,-9999.9
2009-01-18,0.39
2009-01-25,2.31
2009-02-01,5.4
2009-02-08,16.57
2009-02-15,12.72
2009-02-22,25.05
2009-03-01,46.25
2009-03-08,48.56
2009-03-15,38.54
2009-03-22,40.08
2009-03-29,50.48
2009-04-05,40.46
2009-04-12,34.3
2009-04-19,14.26
2009-04-26,5.01
Latitude=10.2824
Longitude=11.17479
Country=nigeria
State=Gombe
Region=Gombe
Population=294560.0
2009-01-04,-9999.9
2009-01-11,1.02
2009-01-18,0.66
2009-01-25,0.66
2009-02-01,0.34
2009-02-08,4.75
2009-02-15,5.77
2009-02-22,15.62
2009-03-01,20.37
2009-03-08,25.8
2009-03-15,26.82
2009-03-22,33.95
2009-03-29,55.34
2009-04-05,39.36
2009-04-12,17.56
2009-04-19,6.45
2009-04-26,3.39
Latitude=9.86885
Longitude=11.5037
Country=nigeria
State=Gombe
Region=Kaltungo
Population=164651.0
2009-01-04,-9999.9
2009-01-11,1.21
2009-01-18,-9999.9
2009-01-25,-9999.9
2009-02-01,-9999.9
2009-02-08,1.82
2009-02-15,3.64
2009-02-22,15.79
2009-03-01,31.58
2009-03-08,45.55
2009-03-15,52.84
2009-03-22,63.77
2009-03-29,44.94
2009-04-05,27.33
2009-04-12,21.86
2009-04-19,4.25
2009-04-26,-9999.9
Latitude=10.5366
Longitude=11.26203
Country=nigeria
State=Gombe
Region=Kwami
Population=214653.0
2009-01-04,-9999.9
2009-01-11,-9999.9
2009-01-18,-9999.9
2009-01-25,-9999.9
2009-02-01,-9999.9
2009-02-08,-9999.9
2009-02-15,0.93
2009-02-22,3.26
2009-03-01,3.73
2009-03-08,2.33
2009-03-15,9.78
2009-03-22,22.83
2009-03-29,20.03
2009-04-05,20.96
2009-04-12,20.03
2009-04-19,20.5
2009-04-26,10.25
Latitude=11.08162
Longitude=11.33631
Country=nigeria
State=Gombe
Region=Nafada
Population=151880.0
2009-01-04,-9999.9
2009-01-11,-9999.9
2009-01-18,-9999.9
2009-01-25,-9999.9
2009-02-01,4.61
2009-02-08,5.27
2009-02-15,9.22
2009-02-22,5.93
2009-03-01,13.83
2009-03-08,12.51
2009-03-15,23.04
2009-03-22,15.14
2009-03-29,31.6
2009-04-05,33.58
2009-04-12,14.49
2009-04-19,7.9
2009-04-26,1.32
Latitude=10.38901
Longitude=11.25596
Country=nigeria
State=Gombe
Region=Shongom
Population=166536.0
2009-01-04,-9999.9
2009-01-11,-9999.9
2009-01-18,-9999.9
2009-01-25,0.6
2009-02-01,0.6
2009-02-08,-9999.9
2009-02-15,1.2
2009-02-22,5.4
2009-03-01,9.61
2009-03-08,1.2
2009-03-15,6.61
2009-03-22,9.01
2009-03-29,3.6
2009-04-05,1.2
2009-04-12,10.21
2009-04-19,3.0
2009-04-26,0.6
Latitude=10.314
Longitude=11.53603
Country=nigeria
State=Gombe
Region=Yamaltu Deba
Population=280544.0
2009-01-04,-9999.9
2009-01-11,-9999.9
2009-01-18,-9999.9
2009-01-25,-9999.9
2009-02-01,-9999.9
2009-02-08,0.71
2009-02-15,4.63
2009-02-22,12.12
2009-03-01,37.78
2009-03-08,44.56
2009-03-15,50.62
2009-03-22,75.21
2009-03-29,83.77
2009-04-05,95.89
2009-04-12,51.33
2009-04-19,30.3
2009-04-26,13.9
Latitude=12.38122
Longitude=9.95554
Country=nigeria
State=Jigawa
Region=Auyo
Population=143821.0
2009-01-04,-9999.9
2009-01-11,-9999.9
2009-01-18,-9999.9
2009-01-25,-9999.9
2009-02-01,6.26
2009-02-08,2.09
2009-02-15,10.43
2009-02-22,0.7
2009-03-01,20.86
2009-03-08,9.04
2009-03-15,8.34
2009-03-22,32.68
2009-03-29,14.6
2009-04-05,-9999.9
2009-04-12,-9999.9
2009-04-19,14.6
2009-04-26,22.25
Latitude=12.60832
Longitude=8.81852
Country=nigeria
State=Jigawa
Region=Babura
Population=226736.0
2009-01-04,-9999.9
2009-01-11,0.88
2009-01-18,1.32
2009-01-25,-9999.9
2009-02-01,6.82
2009-02-08,2.65
2009-02-15,4.41
2009-02-22,3.09
2009-03-01,3.53
2009-03-08,8.82
2009-03-15,-9999.9
2009-03-22,-9999.9
2009-03-29,-9999.9
2009-04-05,-9999.9
2009-04-12,-9999.9
2009-04-19,-9999.9
2009-04-26,-9999.9
Latitude=11.93615
Longitude=9.36748
Country=nigeria
State=Jigawa
Region=Birniwa-Kudu
Population=341435.0
2009-01-04,0.29
2009-01-11,1.76
2009-01-18,2.05
2009-01-25,2.64
2009-02-01,3.22
2009-02-08,7.32
2009-02-15,10.54
2009-02-22,27.53
2009-03-01,41.3
2009-03-08,-9999.9
2009-03-15,-9999.9
2009-03-22,-9999.9
2009-03-29,-9999.9
2009-04-05,55.35
2009-04-12,-9999.9
2009-04-19,16.4
2009-04-26,52.43
Latitude=12.7903
Longitude=10.05073
Country=nigeria
State=Jigawa
Region=Biriniwa
Population=155074.0
2009-01-04,-9999.9
2009-01-11,-9999.9
2009-01-18,-9999.9
2009-01-25,-9999.9
2009-02-01,-9999.9
2009-02-08,3.22
2009-02-15,0.64
2009-02-22,7.09
2009-03-01,-9999.9
2009-03-08,35.47
2009-03-15,0.64
2009-03-22,15.48
2009-03-29,-9999.9
2009-04-05,36.11
2009-04-12,29.02
2009-04-19,-9999.9
2009-04-26,-9999.9
Latitude=11.5695
Longitude=9.7605
Country=nigeria
State=Jigawa
Region=Buji
Population=106090.0
2009-01-04,-9999.9
2009-01-11,-9999.9
2009-01-18,-9999.9
2009-01-25,4.71
2009-02-01,4.71
2009-02-08,4.71
2009-02-15,4.71
2009-02-22,9.43
2009-03-01,18.85
2009-03-08,23.56
2009-03-15,34.88
2009-03-22,229.05
2009-03-29,-9999.9
2009-04-05,-9999.9
2009-04-12,-9999.9
2009-04-19,83.89
2009-04-26,103.69
Latitude=11.76556
Longitude=9.34228
Country=nigeria
State=Jigawa
Region=Dutse
Population=268184.0
2009-01-04,1.12
2009-01-11,0.37
2009-01-18,0.75
2009-01-25,0.75
2009-02-01,1.49
2009-02-08,2.24
2009-02-15,-9999.9
2009-02-22,8.95
2009-03-01,2.98
2009-03-08,14.29
2009-03-15,14.29
2009-03-22,22.37
2009-03-29,28.71
2009-04-05,-9999.9
2009-04-12,16.78
2009-04-19,-9999.9
2009-04-26,12.3
Latitude=12.45305
Longitude=9.55923
Country=nigeria
State=Jigawa
Region=Gagarawa
Population=87593.0
2009-01-04,-9999.9
2009-01-11,-9999.9
2009-01-18,12.56
2009-01-25,-9999.9
2009-02-01,-9999.9
2009-02-08,28.54
2009-02-15,-9999.9
2009-02-22,43.38
2009-03-01,-9999.9
2009-03-08,15.98
2009-03-15,-9999.9
2009-03-22,63.93
2009-03-29,67.36
2009-04-05,-9999.9
2009-04-12,-9999.9
2009-04-19,52.52
2009-04-26,-9999.9
Latitude=12.38565
Longitude=9.08259
Country=nigeria
State=Jigawa
Region=Garki
Population=165865.0
2009-01-04,-9999.9
2009-01-11,-9999.9
2009-01-18,-9999.9
2009-01-25,0.6
2009-02-01,-9999.9
2009-02-08,3.62
2009-02-15,-9999.9
2009-02-22,0.6
2009-03-01,-9999.9
2009-03-08,17.48
2009-03-15,-9999.9
2009-03-22,-9999.9
2009-03-29,28.94
2009-04-05,47.63
2009-04-12,-9999.9
2009-04-19,44.61
2009-04-26,36.78
Latitude=12.626
Longitude=9.39746
Country=nigeria
State=Jigawa
Region=Gumel
Population=116757.0
2009-01-04,-9999.9
2009-01-11,-9999.9
2009-01-18,1.71
2009-01-25,6.85
2009-02-01,22.27
2009-02-08,-9999.9
2009-02-15,-9999.9
2009-02-22,47.96
2009-03-01,-9999.9
2009-03-08,20.56
2009-03-15,-9999.9
2009-03-22,-9999.9
2009-03-29,54.81
2009-04-05,-9999.9
2009-04-12,36.83
2009-04-19,34.26
2009-04-26,37.69
Latitude=12.64259
Longitude=10.45431
Country=nigeria
State=Jigawa
Region=Guri
Population=125318.0
2009-01-04,-9999.9
2009-01-11,-9999.9
2009-01-18,-9999.9
2009-01-25,0.8
2009-02-01,-9999.9
2009-02-08,-9999.9
2009-02-15,-9999.9
2009-02-22,-9999.9
2009-03-01,7.18
2009-03-08,9.58
2009-03-15,11.97
2009-03-22,35.91
2009-03-29,-9999.9
2009-04-05,-9999.9
2009-04-12,81.39
2009-04-19,43.89
2009-04-26,22.34
Latitude=11.20093
Longitude=10.00367
Country=nigeria
State=Jigawa
Region=Gwaram
Population=296991.0
2009-01-04,-9999.9
2009-01-11,-9999.9
2009-01-18,-9999.9
2009-01-25,-9999.9
2009-02-01,0.67
2009-02-08,-9999.9
2009-02-15,-9999.9
2009-02-22,4.71
2009-03-01,9.09
2009-03-08,11.45
2009-03-15,23.57
2009-03-22,23.57
2009-03-29,-9999.9
2009-04-05,-9999.9
2009-04-12,53.2
2009-04-19,6.73
2009-04-26,16.84
Latitude=12.73619
Longitude=8.26473
Country=nigeria
State=Jigawa
Region=Gwiwa
Population=135667.0
2009-01-04,-9999.9
2009-01-11,-9999.9
2009-01-18,-9999.9
2009-01-25,-9999.9
2009-02-01,-9999.9
2009-02-08,-9999.9
2009-02-15,-9999.9
2009-02-22,-9999.9
2009-03-01,2.21
2009-03-08,6.63
2009-03-15,9.58
2009-03-22,-9999.9
2009-03-29,14.0
2009-04-05,-9999.9
2009-04-12,11.06
2009-04-19,6.63
2009-04-26,5.16
Latitude=12.44902
Longitude=10.04386
Country=nigeria
State=Jigawa
Region=Hadejia
Population=115087.0
2009-01-04,-9999.9
2009-01-11,-9999.9
2009-01-18,0.87
2009-01-25,1.74
2009-02-01,-9999.9
2009-02-08,1.74
2009-02-15,31.28
2009-02-22,-9999.9
2009-03-01,18.25
2009-03-08,36.49
2009-03-15,20.85
2009-03-22,28.67
2009-03-29,32.15
2009-04-05,-9999.9
2009-04-12,-9999.9
2009-04-19,-9999.9
2009-04-26,-9999.9
Latitude=12.0683
Longitude=9.63341
Country=nigeria
State=Jigawa
Region=Jahun
Population=249609.0
2009-01-04,-9999.9
2009-01-11,-9999.9
2009-01-18,1.6
2009-01-25,-9999.9
2009-02-01,-9999.9
2009-02-08,2.4
2009-02-15,-9999.9
2009-02-22,18.03
2009-03-01,15.22
2009-03-08,4.81
2009-03-15,7.21
2009-03-22,-9999.9
2009-03-29,47.67
2009-04-05,-9999.9
2009-04-12,18.03
2009-04-19,18.83
2009-04-26,-9999.9
Latitude=12.13078
Longitude=10.01046
Country=nigeria
State=Jigawa
Region=Kafin Hausa
Population=295331.0
2009-01-04,1.69
2009-01-11,1.69
2009-01-18,-9999.9
2009-01-25,-9999.9
2009-02-01,9.14
2009-02-08,43.34
2009-02-15,40.29
2009-02-22,62.64
2009-03-01,3.39
2009-03-08,-9999.9
2009-03-15,2.37
2009-03-22,4.4
2009-03-29,28.1
2009-04-05,-9999.9
2009-04-12,-9999.9
2009-04-19,-9999.9
2009-04-26,-9999.9
Latitude=11.93615
Longitude=9.36748
Country=nigeria
State=Jigawa
Region=Kuagama
Population=139414.0
2009-01-04,-9999.9
2009-01-11,-9999.9
2009-01-18,-9999.9
2009-01-25,-9999.9
2009-02-01,0.72
2009-02-08,4.3
2009-02-15,10.76
2009-02-22,17.93
2009-03-01,5.74
2009-03-08,45.19
2009-03-15,43.04
2009-03-22,13.63
2009-03-29,41.6
2009-04-05,96.12
2009-04-12,28.69
2009-04-19,-9999.9
2009-04-26,-9999.9
Latitude=12.6506
Longitude=8.40967
Country=nigeria
State=Jigawa
Region=Kazaure
Population=175955.0
2009-01-04,-9999.9
2009-01-11,-9999.9
2009-01-18,-9999.9
2009-01-25,1.7
2009-02-01,1.7
2009-02-08,6.25
2009-02-15,6.25
2009-02-22,-9999.9
2009-03-01,8.52
2009-03-08,10.8
2009-03-15,8.52
2009-03-22,-9999.9
2009-03-29,19.89
2009-04-05,5.68
2009-04-12,-9999.9
2009-04-19,3.41
2009-04-26,4.55
Latitude=11.93615
Longitude=9.36748
Country=nigeria
State=Jigawa
Region=Kiri-Kasammma
Population=208673.0
2009-01-04,-9999.9
2009-01-11,-9999.9
2009-01-18,-9999.9
2009-01-25,-9999.9
2009-02-01,-9999.9
2009-02-08,0.48
2009-02-15,-9999.9
2009-02-22,0.96
2009-03-01,6.71
2009-03-08,6.71
2009-03-15,9.58
2009-03-22,7.67
2009-03-29,3.35
2009-04-05,-9999.9
2009-04-12,-9999.9
2009-04-19,-9999.9
2009-04-26,7.19
Latitude=11.78535
Longitude=9.64922
Country=nigeria
State=Jigawa
Region=Kiyawa
Population=188397.0
2009-01-04,1.59
2009-01-11,0.53
2009-01-18,1.06
2009-01-25,5.31
2009-02-01,13.27
2009-02-08,11.15
2009-02-15,14.33
2009-02-22,28.13
2009-03-01,28.13
2009-03-08,35.56
2009-03-15,3.72
2009-03-22,44.59
2009-03-29,9.02
2009-04-05,-9999.9
2009-04-12,10.62
2009-04-19,20.7
2009-04-26,-9999.9
Latitude=12.67572
Longitude=9.51078
Country=nigeria
State=Jigawa
Region=Maigatari
Population=195808.0
2009-01-04,-9999.9
2009-01-11,0.51
2009-01-18,0.51
2009-01-25,4.6
2009-02-01,5.62
2009-02-08,2.04
2009-02-15,10.21
2009-02-22,4.09
2009-03-01,6.13
2009-03-08,8.17
2009-03-15,7.15
2009-03-22,-9999.9
2009-03-29,4.6
2009-04-05,7.66
2009-04-12,-9999.9
2009-04-19,7.15
2009-04-26,3.06
Latitude=12.55718
Longitude=9.8883
Country=nigeria
State=Jigawa
Region=Malam-Maduri
Population=175867.0
2009-01-04,-9999.9
2009-01-11,-9999.9
2009-01-18,-9999.9
2009-01-25,1.14
2009-02-01,-9999.9
2009-02-08,1.71
2009-02-15,11.94
2009-02-22,11.94
2009-03-01,17.06
2009-03-08,14.78
2009-03-15,12.51
2009-03-22,14.78
2009-03-29,42.08
2009-04-05,-9999.9
2009-04-12,6.82
2009-04-19,53.45
2009-04-26,25.02
Latitude=12.2035
Longitude=9.66999
Country=nigeria
State=Jigawa
Region=Miga
Population=139924.0
2009-01-04,-9999.9
2009-01-11,-9999.9
2009-01-18,1.43
2009-01-25,-9999.9
2009-02-01,15.44
2009-02-08,8.58
2009-02-15,8.58
2009-02-22,7.86
2009-03-01,18.58
2009-03-08,37.16
2009-03-15,36.45
2009-03-22,62.18
2009-03-29,-9999.9
2009-04-05,22.87
2009-04-12,-9999.9
2009-04-19,27.87
2009-04-26,5.72
Latitude=12.14725
Longitude=9.16924
Country=nigeria
State=Jigawa
Region=Ringim
Population=209219.0
2009-01-04,-9999.9
2009-01-11,-9999.9
2009-01-18,-9999.9
2009-01-25,-9999.9
2009-02-01,-9999.9
2009-02-08,0.96
2009-02-15,0.48
2009-02-22,7.65
2009-03-01,16.73
2009-03-08,28.68
2009-03-15,21.55
2009-03-22,38.24
2009-03-29,22.94
2009-04-05,-9999.9
2009-04-12,-9999.9
2009-04-19,30.59
2009-04-26,13.38
Latitude=12.54571
Longitude=8.37514
Country=nigeria
State=Jigawa
Region=Roni
Population=84787.0
2009-01-04,-9999.9
2009-01-11,-9999.9
2009-01-18,-9999.9
2009-01-25,-9999.9
2009-02-01,-9999.9
2009-02-08,-9999.9
2009-02-15,7.08
2009-02-22,-9999.9
2009-03-01,16.51
2009-03-08,16.51
2009-03-15,11.79
2009-03-22,-9999.9
2009-03-29,83.74
2009-04-05,-9999.9
2009-04-12,8.26
2009-04-19,16.51
2009-04-26,-9999.9
Latitude=12.60306
Longitude=9.17849
Country=nigeria
State=Jigawa
Region=Sule-Tankarkar
Population=142566.0
2009-01-04,-9999.9
2009-01-11,-9999.9
2009-01-18,-9999.9
2009-01-25,-9999.9
2009-02-01,13.33
2009-02-08,7.72
2009-02-15,14.73
2009-02-22,-9999.9
2009-03-01,-9999.9
2009-03-08,-9999.9
2009-03-15,47.0
2009-03-22,-9999.9
2009-03-29,30.86
2009-04-05,20.34
2009-04-12,-9999.9
2009-04-19,49.8
2009-04-26,14.73
Latitude=12.26425
Longitude=9.43463
Country=nigeria
State=Jigawa
Region=Taura
Population=143555.0
2009-01-04,-9999.9
2009-01-11,-9999.9
2009-01-18,-9999.9
2009-01-25,-9999.9
2009-02-01,-9999.9
2009-02-08,-9999.9
2009-02-15,2.09
2009-02-22,27.86
2009-03-01,-9999.9
2009-03-08,-9999.9
2009-03-15,66.18
2009-03-22,0.7
2009-03-29,190.17
2009-04-05,-9999.9
2009-04-12,-9999.9
2009-04-19,33.44
2009-04-26,34.83
Latitude=12.73318
Longitude=8.53329
Country=nigeria
State=Jigawa
Region=Yankwashi
Population=104334.0
2009-01-04,-9999.9
2009-01-11,-9999.9
2009-01-18,-9999.9
2009-01-25,-9999.9
2009-02-01,-9999.9
2009-02-08,-9999.9
2009-02-15,-9999.9
2009-02-22,10.54
2009-03-01,4.79
2009-03-08,4.79
2009-03-15,-9999.9
2009-03-22,-9999.9
2009-03-29,7.67
2009-04-05,6.71
2009-04-12,24.92
2009-04-19,25.88
2009-04-26,-9999.9
Latitude=10.78466
Longitude=7.78338
Country=nigeria
State=Kaduna
Region=Igabi
Population=470123.0
2009-01-04,-9999.9
2009-01-11,-9999.9
2009-01-18,-9999.9
2009-01-25,-9999.9
2009-02-01,-9999.9
2009-02-08,-9999.9
2009-02-15,-9999.9
2009-02-22,3.83
2009-03-01,1.49
2009-03-08,0.64
2009-03-15,-9999.9
2009-03-22,3.83
2009-03-29,10.42
2009-04-05,13.4
2009-04-12,13.34
2009-04-19,3.4
2009-04-26,3.19
Latitude=11.17492
Longitude=8.22258
Country=nigeria
State=Kaduna
Region=Ikara
Population=211908.0
2009-01-04,-9999.9
2009-01-11,-9999.9
2009-01-18,3.3
2009-01-25,8.97
2009-02-01,8.49
2009-02-08,6.13
2009-02-15,5.19
2009-02-22,15.57
2009-03-01,11.8
2009-03-08,6.61
2009-03-15,4.72
2009-03-22,3.3
2009-03-29,-9999.9
2009-04-05,4.25
2009-04-12,4.72
2009-04-19,2.83
2009-04-26,-9999.9
Latitude=10.57091
Longitude=8.15215
Country=nigeria
State=Kaduna
Region=Kauru
Population=185772.0
2009-01-04,-9999.9
2009-01-11,-9999.9
2009-01-18,-9999.9
2009-01-25,-9999.9
2009-02-01,-9999.9
2009-02-08,-9999.9
2009-02-15,-9999.9
2009-02-22,-9999.9
2009-03-01,-9999.9
2009-03-08,1.08
2009-03-15,0.54
2009-03-22,-9999.9
2009-03-29,3.23
2009-04-05,-9999.9
2009-04-12,-9999.9
2009-04-19,6.46
2009-04-26,2.15
Latitude=10.39002
Longitude=8.48546
Country=nigeria
State=Kaduna
Region=Lere
Population=361869.0
2009-01-04,-9999.9
2009-01-11,-9999.9
2009-01-18,-9999.9
2009-01-25,-9999.9
2009-02-01,-9999.9
2009-02-08,-9999.9
2009-02-15,-9999.9
2009-02-22,0.28
2009-03-01,2.76
2009-03-08,-9999.9
2009-03-15,5.25
2009-03-22,3.59
2009-03-29,7.46
2009-04-05,9.95
2009-04-12,4.97
2009-04-19,1.66
2009-04-26,2.21
Latitude=10.5308
Longitude=7.42483
Country=nigeria
State=Kaduna
Region=Makarli
Population=159821.0
2009-01-04,-9999.9
2009-01-11,-9999.9
2009-01-18,-9999.9
2009-01-25,-9999.9
2009-02-01,-9999.9
2009-02-08,-9999.9
2009-02-15,22.53
2009-02-22,-9999.9
2009-03-01,1.88
2009-03-08,6.26
2009-03-15,13.14
2009-03-22,8.76
2009-03-29,16.89
2009-04-05,8.13
2009-04-12,5.63
2009-04-19,3.13
2009-04-26,0.63
Latitude=11.95174
Longitude=9.04688
Country=nigeria
State=Kano
Region=Ajingi
Population=191952.0
2009-01-04,-9999.9
2009-01-11,-9999.9
2009-01-18,-9999.9
2009-01-25,-9999.9
2009-02-01,1.04
2009-02-08,-9999.9
2009-02-15,0.52
2009-02-22,3.13
2009-03-01,6.77
2009-03-08,5.21
2009-03-15,7.81
2009-03-22,8.34
2009-03-29,-9999.9
2009-04-05,19.28
2009-04-12,22.92
2009-04-19,6.25
2009-04-26,5.21
Latitude=11.652
Longitude=9.11509
Country=nigeria
State=Kano
Region=Albasu
Population=209606.0
2009-01-04,-9999.9
2009-01-11,-9999.9
2009-01-18,-9999.9
2009-01-25,-9999.9
2009-02-01,-9999.9
2009-02-08,0.48
2009-02-15,2.86
2009-02-22,0.48
2009-03-01,-9999.9
2009-03-08,-9999.9
2009-03-15,3.82
2009-03-22,6.2
2009-03-29,9.54
2009-04-05,20.99
2009-04-12,2.86
2009-04-19,-9999.9
2009-04-26,-9999.9
Latitude=12.0634
Longitude=8.09726
Country=nigeria
State=Kano
Region=Bagwai
Population=179507.0
2009-01-04,5.01
2009-01-11,3.34
2009-01-18,4.46
2009-01-25,5.57
2009-02-01,8.36
2009-02-08,11.14
2009-02-15,15.15
2009-02-22,31.75
2009-03-01,22.28
2009-03-08,12.81
2009-03-15,25.63
2009-03-22,16.71
2009-03-29,10.03
2009-04-05,6.13
2009-04-12,5.01
2009-04-19,3.34
2009-04-26,0.56
Latitude=11.66082
Longitude=8.25956
Country=nigeria
State=Kano
Region=Bebeji
Population=208180.0
2009-01-04,-9999.9
2009-01-11,4.32
2009-01-18,0.96
2009-01-25,5.28
2009-02-01,2.4
2009-02-08,3.36
2009-02-15,1.92
2009-02-22,-9999.9
2009-03-01,4.8
2009-03-08,8.17
2009-03-15,13.93
2009-03-22,8.65
2009-03-29,5.76
2009-04-05,14.89
2009-04-12,29.78
2009-04-19,4.32
2009-04-26,2.88
Latitude=12.23694
Longitude=8.24497
Country=nigeria
State=Kano
Region=Bichi
Population=305447.0
2009-01-04,-9999.9
2009-01-11,-9999.9
2009-01-18,0.33
2009-01-25,3.93
2009-02-01,2.62
2009-02-08,9.82
2009-02-15,21.61
2009-02-22,10.8
2009-03-01,10.15
2009-03-08,22.26
2009-03-15,-9999.9
2009-03-22,-9999.9
2009-03-29,49.76
2009-04-05,61.55
2009-04-12,60.89
2009-04-19,25.54
2009-04-26,-9999.9
Latitude=11.6655
Longitude=8.57415
Country=nigeria
State=Kano
Region=Bunkure
Population=188374.0
2009-01-04,-9999.9
2009-01-11,-9999.9
2009-01-18,-9999.9
2009-01-25,-9999.9
2009-02-01,-9999.9
2009-02-08,-9999.9
2009-02-15,-9999.9
2009-02-22,2.12
2009-03-01,-9999.9
2009-03-08,0.53
2009-03-15,1.59
2009-03-22,7.43
2009-03-29,15.39
2009-04-05,-9999.9
2009-04-12,-9999.9
2009-04-19,-9999.9
2009-04-26,-9999.9
Latitude=11.9888
Longitude=8.52299
Country=nigeria
State=Kano
Region=D/Kudu
Population=248447.0
2009-01-04,-9999.9
2009-01-11,-9999.9
2009-01-18,-9999.9
2009-01-25,-9999.9
2009-02-01,-9999.9
2009-02-08,2.82
2009-02-15,5.23
2009-02-22,-9999.9
2009-03-01,6.44
2009-03-08,6.44
2009-03-15,2.01
2009-03-22,4.03
2009-03-29,-9999.9
2009-04-05,25.36
2009-04-12,32.3
2009-04-19,-9999.9
2009-04-26,10.87
Latitude=11.996
Longitude=8.31151
Country=nigeria
State=Kano
Region=D/Tofa
Population=273233.0
2009-01-04,-9999.9
2009-01-11,-9999.9
2009-01-18,-9999.9
2009-01-25,-9999.9
2009-02-01,-9999.9
2009-02-08,-9999.9
2009-02-15,-9999.9
2009-02-22,0.73
2009-03-01,1.83
2009-03-08,5.86
2009-03-15,0.37
2009-03-22,0.37
2009-03-29,19.03
2009-04-05,-9999.9
2009-04-12,-9999.9
2009-04-19,-9999.9
2009-04-26,-9999.9
Latitude=12.42891
Longitude=8.52188
Country=nigeria
State=Kano
Region=Dambatta
Population=229244.0
2009-01-04,-9999.9
2009-01-11,-9999.9
2009-01-18,-9999.9
2009-01-25,-9999.9
2009-02-01,-9999.9
2009-02-08,1.74
2009-02-15,2.18
2009-02-22,11.78
2009-03-01,17.88
2009-03-08,22.25
2009-03-15,12.21
2009-03-22,-9999.9
2009-03-29,19.19
2009-04-05,47.98
2009-04-12,19.63
2009-04-19,10.47
2009-04-26,5.67
Latitude=10.85884
Longitude=8.67323
Country=nigeria
State=Kano
Region=Doguwa
Population=166647.0
2009-01-04,-9999.9
2009-01-11,-9999.9
2009-01-18,-9999.9
2009-01-25,-9999.9
2009-02-01,-9999.9
2009-02-08,-9999.9
2009-02-15,-9999.9
2009-02-22,1.8
2009-03-01,2.4
2009-03-08,2.4
2009-03-15,19.2
2009-03-22,-9999.9
2009-03-29,-9999.9
2009-04-05,-9999.9
2009-04-12,-9999.9
2009-04-19,-9999.9
2009-04-26,-9999.9
Latitude=12.0
Longitude=8.51667
Country=nigeria
State=Kano
Region=Fagge
Population=219169.0
2009-01-04,-9999.9
2009-01-11,-9999.9
2009-01-18,-9999.9
2009-01-25,-9999.9
2009-02-01,3.19
2009-02-08,0.91
2009-02-15,0.91
2009-02-22,-9999.9
2009-03-01,-9999.9
2009-03-08,3.19
2009-03-15,4.56
2009-03-22,5.93
2009-03-29,-9999.9
2009-04-05,31.03
2009-04-12,39.24
2009-04-19,20.99
2009-04-26,17.34
Latitude=11.9888
Longitude=8.52299
Country=nigeria
State=Kano
Region=G/Mallam
Population=128412.0
2009-01-04,-9999.9
2009-01-11,-9999.9
2009-01-18,-9999.9
2009-01-25,-9999.9
2009-02-01,-9999.9
2009-02-08,2.34
2009-02-15,-9999.9
2009-02-22,-9999.9
2009-03-01,10.9
2009-03-08,-9999.9
2009-03-15,5.34
2009-03-22,5.45
2009-03-29,14.8
2009-04-05,26.48
2009-04-12,-9999.9
2009-04-19,6.23
2009-04-26,-9999.9
Latitude=11.64785
Longitude=8.79392
Country=nigeria
State=Kano
Region=Garko
Population=179124.0
2009-01-04,-9999.9
2009-01-11,-9999.9
2009-01-18,-9999.9
2009-01-25,-9999.9
2009-02-01,-9999.9
2009-02-08,1.12
2009-02-15,3.35
2009-02-22,2.79
2009-03-01,-9999.9
2009-03-08,1.12
2009-03-15,4.47
2009-03-22,-9999.9
2009-03-29,12.28
2009-04-05,16.75
2009-04-12,13.96
2009-04-19,12.28
2009-04-26,10.05
Latitude=11.85593
Longitude=9.00681
Country=nigeria
State=Kano
Region=Gaya
Population=221581.0
2009-01-04,-9999.9
2009-01-11,-9999.9
2009-01-18,-9999.9
2009-01-25,3.16
2009-02-01,0.45
2009-02-08,-9999.9
2009-02-15,1.81
2009-02-22,5.42
2009-03-01,0.9
2009-03-08,1.81
2009-03-15,0.45
2009-03-22,4.06
2009-03-29,0.9
2009-04-05,-9999.9
2009-04-12,-9999.9
2009-04-19,4.51
2009-04-26,-9999.9
Latitude=12.09926
Longitude=8.75143
Country=nigeria
State=Kano
Region=Gezawa
Population=310925.0
2009-01-04,-9999.9
2009-01-11,-9999.9
2009-01-18,-9999.9
2009-01-25,-9999.9
2009-02-01,1.61
2009-02-08,0.32
2009-02-15,0.64
2009-02-22,-9999.9
2009-03-01,1.93
2009-03-08,2.57
2009-03-15,5.79
2009-03-22,0.64
2009-03-29,5.47
2009-04-05,3.86
2009-04-12,-9999.9
2009-04-19,5.47
2009-04-26,0.96
Latitude=11.969
Longitude=8.46356
Country=nigeria
State=Kano
Region=Gwale
Population=399099.0
2009-01-04,-9999.9
2009-01-11,-9999.9
2009-01-18,-9999.9
2009-01-25,-9999.9
2009-02-01,-9999.9
2009-02-08,-9999.9
2009-02-15,0.5
2009-02-22,-9999.9
2009-03-01,-9999.9
2009-03-08,0.75
2009-03-15,3.01
2009-03-22,4.26
2009-03-29,5.01
2009-04-05,12.53
2009-04-12,1.25
2009-04-19,-9999.9
2009-04-26,-9999.9
Latitude=11.91438
Longitude=7.935
Country=nigeria
State=Kano
Region=Gwarzo
Population=202809.0
2009-01-04,-9999.9
2009-01-11,-9999.9
2009-01-18,3.94
2009-01-25,-9999.9
2009-02-01,2.47
2009-02-08,2.96
2009-02-15,10.85
2009-02-22,13.31
2009-03-01,4.93
2009-03-08,-9999.9
2009-03-15,0.49
2009-03-22,1.48
2009-03-29,-9999.9
2009-04-05,40.93
2009-04-12,8.38
2009-04-19,7.4
2009-04-26,4.44
Latitude=11.8813
Longitude=8.17328
Country=nigeria
State=Kano
Region=Kabo
Population=169585.0
2009-01-04,-9999.9
2009-01-11,-9999.9
2009-01-18,-9999.9
2009-01-25,-9999.9
2009-02-01,0.59
2009-02-08,-9999.9
2009-02-15,5.9
2009-02-22,7.08
2009-03-01,2.95
2009-03-08,7.67
2009-03-15,7.08
2009-03-22,35.38
2009-03-29,53.67
2009-04-05,66.05
2009-04-12,27.72
2009-04-19,15.33
2009-04-26,5.9
Latitude=11.9888
Longitude=8.52299
Country=nigeria
State=Kano
Region=Kano Mun.
Population=402919.0
2009-01-04,-9999.9
2009-01-11,-9999.9
2009-01-18,-9999.9
2009-01-25,-9999.9
2009-02-01,-9999.9
2009-02-08,-9999.9
2009-02-15,0.99
2009-02-22,0.25
2009-03-01,-9999.9
2009-03-08,5.21
2009-03-15,1.99
2009-03-22,2.48
2009-03-29,-9999.9
2009-04-05,-9999.9
2009-04-12,2.98
2009-04-19,-9999.9
2009-04-26,-9999.9
Latitude=11.77978
Longitude=8.01925
Country=nigeria
State=Kano
Region=Karaye
Population=155873.0
2009-01-04,-9999.9
2009-01-11,-9999.9
2009-01-18,1.28
2009-01-25,1.28
2009-02-01,-9999.9
2009-02-08,-9999.9
2009-02-15,7.7
2009-02-22,14.11
2009-03-01,7.06
2009-03-08,-9999.9
2009-03-15,12.19
2009-03-22,18.6
2009-03-29,-9999.9
2009-04-05,-9999.9
2009-04-12,-9999.9
2009-04-19,-9999.9
2009-04-26,-9999.9
Latitude=11.4901
Longitude=8.664
Country=nigeria
State=Kano
Region=Kibiya
Population=150724.0
2009-01-04,-9999.9
2009-01-11,-9999.9
2009-01-18,-9999.9
2009-01-25,-9999.9
2009-02-01,-9999.9
2009-02-08,-9999.9
2009-02-15,-9999.9
2009-02-22,1.99
2009-03-01,37.15
2009-03-08,39.81
2009-03-15,4.64
2009-03-22,-9999.9
2009-03-29,5.97
2009-04-05,-9999.9
2009-04-12,-9999.9
2009-04-19,1.99
2009-04-26,-9999.9
Latitude=11.55085
Longitude=8.11799
Country=nigeria
State=Kano
Region=Kiru
Population=291869.0
2009-01-04,-9999.9
2009-01-11,0.34
2009-01-18,0.34
2009-01-25,3.08
2009-02-01,7.54
2009-02-08,3.77
2009-02-15,1.03
2009-02-22,3.77
2009-03-01,-9999.9
2009-03-08,-9999.9
2009-03-15,0.69
2009-03-22,0.69
2009-03-29,-9999.9
2009-04-05,-9999.9
2009-04-12,4.11
2009-04-19,2.06
2009-04-26,-9999.9
Latitude=11.915
Longitude=8.49121
Country=nigeria
State=Kano
Region=Kumbotso
Population=326259.0
2009-01-04,-9999.9
2009-01-11,-9999.9
2009-01-18,-9999.9
2009-01-25,-9999.9
2009-02-01,-9999.9
2009-02-08,-9999.9
2009-02-15,0.31
2009-02-22,0.92
2009-03-01,0.92
2009-03-08,7.05
2009-03-15,3.68
2009-03-22,4.9
2009-03-29,4.29
2009-04-05,14.41
2009-04-12,4.29
2009-04-19,3.07
2009-04-26,3.07
Latitude=12.42764
Longitude=8.27695
Country=nigeria
State=Kano
Region=Kunchi
Population=122375.0
2009-01-04,-9999.9
2009-01-11,-9999.9
2009-01-18,-9999.9
2009-01-25,-9999.9
2009-02-01,0.82
2009-02-08,-9999.9
2009-02-15,7.35
2009-02-22,7.35
2009-03-01,17.16
2009-03-08,10.62
2009-03-15,8.17
2009-03-22,0.82
2009-03-29,-9999.9
2009-04-05,2.45
2009-04-12,2.45
2009-04-19,-9999.9
2009-04-26,0.82
Latitude=11.76626
Longitude=8.42821
Country=nigeria
State=Kano
Region=Kura
Population=159394.0
2009-01-04,-9999.9
2009-01-11,-9999.9
2009-01-18,-9999.9
2009-01-25,2.51
2009-02-01,-9999.9
2009-02-08,-9999.9
2009-02-15,-9999.9
2009-02-22,3.14
2009-03-01,6.9
2009-03-08,0.63
2009-03-15,-9999.9
2009-03-22,3.14
2009-03-29,-9999.9
2009-04-05,7.53
2009-04-12,-9999.9
2009-04-19,-9999.9
2009-04-26,-9999.9
Latitude=11.81385
Longitude=8.38063
Country=nigeria
State=Kano
Region=Madobi
Population=150600.0
2009-01-04,-9999.9
2009-01-11,1.33
2009-01-18,-9999.9
2009-01-25,-9999.9
2009-02-01,0.66
2009-02-08,2.66
2009-02-15,2.66
2009-02-22,3.32
2009-03-01,-9999.9
2009-03-08,5.31
2009-03-15,5.31
2009-03-22,11.95
2009-03-29,32.54
2009-04-05,27.22
2009-04-12,98.94
2009-04-19,3.98
2009-04-26,3.98
Latitude=12.36685
Longitude=8.46364
Country=nigeria
State=Kano
Region=Makoda
Population=245151.0
2009-01-04,-9999.9
2009-01-11,-9999.9
2009-01-18,-9999.9
2009-01-25,-9999.9
2009-02-01,-9999.9
2009-02-08,-9999.9
2009-02-15,-9999.9
2009-02-22,5.71
2009-03-01,11.01
2009-03-08,17.95
2009-03-15,15.09
2009-03-22,-9999.9
2009-03-29,-9999.9
2009-04-05,19.58
2009-04-12,5.3
2009-04-19,-9999.9
2009-04-26,-9999.9
Latitude=12.19267
Longitude=8.5969
Country=nigeria
State=Kano
Region=Minjibir
Population=235555.0
2009-01-04,0.85
2009-01-11,0.85
2009-01-18,-9999.9
2009-01-25,-9999.9
2009-02-01,-9999.9
2009-02-08,1.7
2009-02-15,0.85
2009-02-22,-9999.9
2009-03-01,9.34
2009-03-08,13.15
2009-03-15,5.94
2009-03-22,3.39
2009-03-29,5.94
2009-04-05,19.09
2009-04-12,-9999.9
2009-04-19,-9999.9
2009-04-26,-9999.9
Latitude=12.0027
Longitude=8.50503
Country=nigeria
State=Kano
Region=Nassarawa
Population=657710.0
2009-01-04,-9999.9
2009-01-11,-9999.9
2009-01-18,-9999.9
2009-01-25,-9999.9
2009-02-01,0.15
2009-02-08,-9999.9
2009-02-15,-9999.9
2009-02-22,-9999.9
2009-03-01,-9999.9
2009-03-08,6.08
2009-03-15,2.89
2009-03-22,6.54
2009-03-29,2.13
2009-04-05,1.22
2009-04-12,6.84
2009-04-19,1.98
2009-04-26,1.22
Latitude=11.5608
Longitude=8.56977
Country=nigeria
State=Kano
Region=Rano
Population=160318.0
2009-01-04,-9999.9
2009-01-11,-9999.9
2009-01-18,-9999.9
2009-01-25,-9999.9
2009-02-01,-9999.9
2009-02-08,-9999.9
2009-02-15,-9999.9
2009-02-22,1.87
2009-03-01,-9999.9
2009-03-08,3.74
2009-03-15,-9999.9
2009-03-22,-9999.9
2009-03-29,63.62
2009-04-05,52.4
2009-04-12,-9999.9
2009-04-19,-9999.9
2009-04-26,-9999.9
Latitude=11.94875
Longitude=8.27695
Country=nigeria
State=Kano
Region=Rimin Gado
Population=115510.0
2009-01-04,-9999.9
2009-01-11,-9999.9
2009-01-18,-9999.9
2009-01-25,-9999.9
2009-02-01,-9999.9
2009-02-08,3.46
2009-02-15,3.46
2009-02-22,2.6
2009-03-01,0.87
2009-03-08,-9999.9
2009-03-15,4.33
2009-03-22,1.73
2009-03-29,38.09
2009-04-05,2.6
2009-04-12,25.97
2009-04-19,4.33
2009-04-26,4.33
Latitude=11.53745
Longitude=7.81711
Country=nigeria
State=Kano
Region=Rogo
Population=251041.0
2009-01-04,-9999.9
2009-01-11,-9999.9
2009-01-18,0.8
2009-01-25,-9999.9
2009-02-01,-9999.9
2009-02-08,2.39
2009-02-15,-9999.9
2009-02-22,1.99
2009-03-01,-9999.9
2009-03-08,-9999.9
2009-03-15,-9999.9
2009-03-22,-9999.9
2009-03-29,1.2
2009-04-05,1.59
2009-04-12,7.17
2009-04-19,5.18
2009-04-26,-9999.9
Latitude=12.1039
Longitude=7.89952
Country=nigeria
State=Kano
Region=Shanono
Population=154992.0
2009-01-04,-9999.9
2009-01-11,-9999.9
2009-01-18,-9999.9
2009-01-25,-9999.9
2009-02-01,-9999.9
2009-02-08,-9999.9
2009-02-15,2.58
2009-02-22,0.65
2009-03-01,5.81
2009-03-08,0.65
2009-03-15,-9999.9
2009-03-22,4.52
2009-03-29,25.16
2009-04-05,7.74
2009-04-12,8.39
2009-04-19,5.16
2009-04-26,11.51
Latitude=11.527
Longitude=8.95271
Country=nigeria
State=Kano
Region=Sumaila
Population=279611.0
2009-01-04,-9999.9
2009-01-11,-9999.9
2009-01-18,-9999.9
2009-01-25,-9999.9
2009-02-01,-9999.9
2009-02-08,-9999.9
2009-02-15,-9999.9
2009-02-22,-9999.9
2009-03-01,-9999.9
2009-03-08,-9999.9
2009-03-15,-9999.9
2009-03-22,-9999.9
2009-03-29,3.58
2009-04-05,-9999.9
2009-04-12,6.44
2009-04-19,-9999.9
2009-04-26,-9999.9
Latitude=11.24164
Longitude=8.40575
Country=nigeria
State=Kano
Region=T/Wada
Population=255450.0
2009-01-04,-9999.9
2009-01-11,-9999.9
2009-01-18,-9999.9
2009-01-25,-9999.9
2009-02-01,-9999.9
2009-02-08,-9999.9
2009-02-15,0.78
2009-02-22,3.91
2009-03-01,3.13
2009-03-08,6.65
2009-03-15,9.0
2009-03-22,12.14
2009-03-29,16.83
2009-04-05,-9999.9
2009-04-12,8.61
2009-04-19,2.74
2009-04-26,-9999.9
Latitude=11.46262
Longitude=9.1817
Country=nigeria
State=Kano
Region=Takai
Population=223484.0
2009-01-04,-9999.9
2009-01-11,-9999.9
2009-01-18,0.45
2009-01-25,-9999.9
2009-02-01,0.45
2009-02-08,-9999.9
2009-02-15,-9999.9
2009-02-22,-9999.9
2009-03-01,-9999.9
2009-03-08,-9999.9
2009-03-15,-9999.9
2009-03-22,-9999.9
2009-03-29,7.16
2009-04-05,8.5
2009-04-12,9.4
2009-04-19,-9999.9
2009-04-26,-9999.9
Latitude=11.969
Longitude=8.52576
Country=nigeria
State=Kano
Region=Tarauni
Population=244013.0
2009-01-04,-9999.9
2009-01-11,-9999.9
2009-01-18,-9999.9
2009-01-25,-9999.9
2009-02-01,-9999.9
2009-02-08,-9999.9
2009-02-15,0.82
2009-02-22,2.87
2009-03-01,3.28
2009-03-08,2.46
2009-03-15,1.64
2009-03-22,1.64
2009-03-29,-9999.9
2009-04-05,13.52
2009-04-12,25.82
2009-04-19,-9999.9
2009-04-26,7.79
Latitude=11.996
Longitude=8.31151
Country=nigeria
State=Kano
Region=Tofa
Population=107732.0
2009-01-04,7.43
2009-01-11,7.43
2009-01-18,5.57
2009-01-25,3.71
2009-02-01,12.07
2009-02-08,31.56
2009-02-15,21.35
2009-02-22,27.85
2009-03-01,7.43
2009-03-08,21.35
2009-03-15,21.35
2009-03-22,3.71
2009-03-29,-9999.9
2009-04-05,43.63
2009-04-12,58.48
2009-04-19,24.13
2009-04-26,13.92
Latitude=12.23053
Longitude=7.97702
Country=nigeria
State=Kano
Region=Tsanyawa
Population=173811.0
2009-01-04,-9999.9
2009-01-11,-9999.9
2009-01-18,-9999.9
2009-01-25,2.3
2009-02-01,-9999.9
2009-02-08,1.15
2009-02-15,2.3
2009-02-22,13.23
2009-03-01,9.78
2009-03-08,6.9
2009-03-15,-9999.9
2009-03-22,-9999.9
2009-03-29,10.36
2009-04-05,7.48
2009-04-12,38.55
2009-04-19,6.33
2009-04-26,6.33
Latitude=12.07015
Longitude=8.51885
Country=nigeria
State=Kano
Region=Ungogo
Population=407474.0
2009-01-04,-9999.9
2009-01-11,-9999.9
2009-01-18,-9999.9
2009-01-25,-9999.9
2009-02-01,-9999.9
2009-02-08,-9999.9
2009-02-15,0.25
2009-02-22,0.49
2009-03-01,0.74
2009-03-08,2.21
2009-03-15,3.19
2009-03-22,7.61
2009-03-29,2.45
2009-04-05,5.89
2009-04-12,8.34
2009-04-19,3.19
2009-04-26,2.7
Latitude=11.90155
Longitude=8.71238
Country=nigeria
State=Kano
Region=Warawa
Population=141962.0
2009-01-04,-9999.9
2009-01-11,-9999.9
2009-01-18,-9999.9
2009-01-25,-9999.9
2009-02-01,-9999.9
2009-02-08,0.7
2009-02-15,4.93
2009-02-22,9.16
2009-03-01,-9999.9
2009-03-08,1.41
2009-03-15,3.52
2009-03-22,0.7
2009-03-29,14.79
2009-04-05,29.59
2009-04-12,-9999.9
2009-04-19,15.5
2009-04-26,-9999.9
Latitude=11.80045
Longitude=8.84811
Country=nigeria
State=Kano
Region=Wudil
Population=204134.0
2009-01-04,-9999.9
2009-01-11,-9999.9
2009-01-18,-9999.9
2009-01-25,0.49
2009-02-01,0.49
2009-02-08,2.94
2009-02-15,6.37
2009-02-22,6.37
2009-03-01,-9999.9
2009-03-08,3.43
2009-03-15,7.35
2009-03-22,-9999.9
2009-03-29,20.08
2009-04-05,28.41
2009-04-12,11.76
2009-04-19,3.43
2009-04-26,4.9
Latitude=11.55632
Longitude=7.43112
Country=nigeria
State=Katsina
Region=Bakori
Population=163222.0
2009-01-04,-9999.9
2009-01-11,-9999.9
2009-01-18,-9999.9
2009-01-25,-9999.9
2009-02-01,3.06
2009-02-08,3.06
2009-02-15,1.23
2009-02-22,30.63
2009-03-01,-9999.9
2009-03-08,-9999.9
2009-03-15,51.46
2009-03-22,53.91
2009-03-29,23.89
2009-04-05,30.63
2009-04-12,53.3
2009-04-19,99.86
2009-04-26,-9999.9
Latitude=12.91676
Longitude=7.59234
Country=nigeria
State=Katsina
Region=Batagarawa
Population=201690.0
2009-01-04,-9999.9
2009-01-11,0.5
2009-01-18,-9999.9
2009-01-25,-9999.9
2009-02-01,0.5
2009-02-08,0.99
2009-02-15,1.98
2009-02-22,11.4
2009-03-01,18.84
2009-03-08,23.8
2009-03-15,19.83
2009-03-22,13.39
2009-03-29,-9999.9
2009-04-05,-9999.9
2009-04-12,27.77
2009-04-19,36.19
2009-04-26,18.84
Latitude=12.74717
Longitude=7.2358
Country=nigeria
State=Katsina
Region=Batsari
Population=228356.0
2009-01-04,-9999.9
2009-01-11,-9999.9
2009-01-18,-9999.9
2009-01-25,-9999.9
2009-02-01,-9999.9
2009-02-08,6.13
2009-02-15,2.19
2009-02-22,3.07
2009-03-01,31.53
2009-03-08,8.76
2009-03-15,7.44
2009-03-22,6.13
2009-03-29,17.95
2009-04-05,16.2
2009-04-12,-9999.9
2009-04-19,-9999.9
2009-04-26,-9999.9
Latitude=12.83772
Longitude=8.74436
Country=nigeria
State=Katsina
Region=Baure
Population=215732.0
2009-01-04,-9999.9
2009-01-11,-9999.9
2009-01-18,-9999.9
2009-01-25,-9999.9
2009-02-01,-9999.9
2009-02-08,-9999.9
2009-02-15,-9999.9
2009-02-22,2.78
2009-03-01,6.49
2009-03-08,-9999.9
2009-03-15,-9999.9
2009-03-22,0.46
2009-03-29,8.81
2009-04-05,11.12
2009-04-12,-9999.9
2009-04-19,-9999.9
2009-04-26,-9999.9
Latitude=12.66086
Longitude=7.7751
Country=nigeria
State=Katsina
Region=Bindawa
Population=166484.0
2009-01-04,-9999.9
2009-01-11,-9999.9
2009-01-18,-9999.9
2009-01-25,-9999.9
2009-02-01,1.8
2009-02-08,-9999.9
2009-02-15,9.61
2009-02-22,51.66
2009-03-01,25.83
2009-03-08,26.43
2009-03-15,39.04
2009-03-22,52.86
2009-03-29,26.43
2009-04-05,26.43
2009-04-12,4.81
2009-04-19,1.8
2009-04-26,-9999.9
Latitude=12.5774
Longitude=7.64461
Country=nigeria
State=Katsina
Region=Charanchi
Population=150373.0
2009-01-04,-9999.9
2009-01-11,-9999.9
2009-01-18,-9999.9
2009-01-25,-9999.9
2009-02-01,1.33
2009-02-08,3.33
2009-02-15,-9999.9
2009-02-22,-9999.9
2009-03-01,-9999.9
2009-03-08,-9999.9
2009-03-15,43.23
2009-03-22,39.9
2009-03-29,34.58
2009-04-05,47.22
2009-04-12,28.6
2009-04-19,31.26
2009-04-26,-9999.9
Latitude=12.99302
Longitude=7.60616
Country=nigeria
State=Katsina
Region=Dandume
Population=159253.0
2009-01-04,-9999.9
2009-01-11,-9999.9
2009-01-18,-9999.9
2009-01-25,-9999.9
2009-02-01,-9999.9
2009-02-08,1.26
2009-02-15,-9999.9
2009-02-22,-9999.9
2009-03-01,4.4
2009-03-08,9.42
2009-03-15,11.3
2009-03-22,3.77
2009-03-29,21.35
2009-04-05,69.07
2009-04-12,12.56
2009-04-19,6.91
2009-04-26,-9999.9
Latitude=11.3999
Longitude=7.55315
Country=nigeria
State=Katsina
Region=Danja
Population=137359.0
2009-01-04,-9999.9
2009-01-11,-9999.9
2009-01-18,-9999.9
2009-01-25,-9999.9
2009-02-01,10.92
2009-02-08,13.1
2009-02-15,26.21
2009-02-22,64.79
2009-03-01,68.43
2009-03-08,90.27
2009-03-15,129.59
2009-03-22,95.37
2009-03-29,87.36
2009-04-05,11.65
2009-04-12,74.26
2009-04-19,30.58
2009-04-26,17.47
Latitude=12.99302
Longitude=7.60616
Country=nigeria
State=Katsina
Region=Danmusa
Population=124233.0
2009-01-04,-9999.9
2009-01-11,3.22
2009-01-18,-9999.9
2009-01-25,-9999.9
2009-02-01,8.05
2009-02-08,16.1
2009-02-15,2.41
2009-02-22,1.61
2009-03-01,8.85
2009-03-08,11.27
2009-03-15,19.32
2009-03-22,20.93
2009-03-29,4.02
2009-04-05,25.76
2009-04-12,-9999.9
2009-04-19,-9999.9
2009-04-26,8.05
Latitude=13.03339
Longitude=8.26519
Country=nigeria
State=Katsina
Region=Daura
Population=240095.0
2009-01-04,-9999.9
2009-01-11,-9999.9
2009-01-18,-9999.9
2009-01-25,2.08
2009-02-01,-9999.9
2009-02-08,0.83
2009-02-15,2.08
2009-02-22,-9999.9
2009-03-01,2.92
2009-03-08,1.67
2009-03-15,9.58
2009-03-22,3.75
2009-03-29,5.41
2009-04-05,7.5
2009-04-12,-9999.9
2009-04-19,-9999.9
2009-04-26,-9999.9
Latitude=12.82709
Longitude=8.11431
Country=nigeria
State=Katsina
Region=Dutsi
Population=131152.0
2009-01-04,-9999.9
2009-01-11,-9999.9
2009-01-18,1.52
2009-01-25,-9999.9
2009-02-01,1.52
2009-02-08,-9999.9
2009-02-15,-9999.9
2009-02-22,-9999.9
2009-03-01,0.76
2009-03-08,9.91
2009-03-15,9.15
2009-03-22,-9999.9
2009-03-29,2.29
2009-04-05,2.29
2009-04-12,-9999.9
2009-04-19,-9999.9
2009-04-26,-9999.9
Latitude=12.99302
Longitude=7.60616
Country=nigeria
State=Katsina
Region=Dutsinma
Population=185404.0
2009-01-04,-9999.9
2009-01-11,-9999.9
2009-01-18,-9999.9
2009-01-25,-9999.9
2009-02-01,1.08
2009-02-08,-9999.9
2009-02-15,1.08
2009-02-22,3.24
2009-03-01,4.85
2009-03-08,16.72
2009-03-15,31.28
2009-03-22,11.87
2009-03-29,-9999.9
2009-04-05,21.04
2009-04-12,32.56
2009-04-19,11.87
2009-04-26,10.79
Latitude=11.72787
Longitude=7.04611
Country=nigeria
State=Katsina
Region=Faskari
Population=214213.0
2009-01-04,-9999.9
2009-01-11,-9999.9
2009-01-18,-9999.9
2009-01-25,-9999.9
2009-02-01,-9999.9
2009-02-08,1.87
2009-02-15,3.73
2009-02-22,0.93
2009-03-01,4.2
2009-03-08,12.14
2009-03-15,10.74
2009-03-22,17.74
2009-03-29,43.41
2009-04-05,25.21
2009-04-12,50.42
2009-04-19,-9999.9
2009-04-26,-9999.9
Latitude=11.52709
Longitude=7.31377
Country=nigeria
State=Katsina
Region=Funtua
Population=246488.0
2009-01-04,-9999.9
2009-01-11,-9999.9
2009-01-18,-9999.9
2009-01-25,-9999.9
2009-02-01,-9999.9
2009-02-08,-9999.9
2009-02-15,2.84
2009-02-22,-9999.9
2009-03-01,6.09
2009-03-08,1.22
2009-03-15,11.77
2009-03-22,6.49
2009-03-29,13.79
2009-04-05,36.92
2009-04-12,44.22
2009-04-19,43.41
2009-04-26,23.53
Latitude=12.56408
Longitude=8.09989
Country=nigeria
State=Katsina
Region=Ingawa
Population=185494.0
2009-01-04,-9999.9
2009-01-11,-9999.9
2009-01-18,-9999.9
2009-01-25,-9999.9
2009-02-01,-9999.9
2009-02-08,-9999.9
2009-02-15,-9999.9
2009-02-22,11.86
2009-03-01,16.17
2009-03-08,23.18
2009-03-15,19.14
2009-03-22,10.24
2009-03-29,28.03
2009-04-05,9.7
2009-04-12,10.24
2009-04-19,7.01
2009-04-26,-9999.9
Latitude=12.99302
Longitude=7.60616
Country=nigeria
State=Katsina
Region=Jibya
Population=185488.0
2009-01-04,-9999.9
2009-01-11,-9999.9
2009-01-18,-9999.9
2009-01-25,-9999.9
2009-02-01,-9999.9
2009-02-08,-9999.9
2009-02-15,14.56
2009-02-22,5.93
2009-03-01,17.79
2009-03-08,-9999.9
2009-03-15,-9999.9
2009-03-22,1.08
2009-03-29,5.93
2009-04-05,-9999.9
2009-04-12,-9999.9
2009-04-19,1.62
2009-04-26,-9999.9
Latitude=11.6263
Longitude=7.71575
Country=nigeria
State=Katsina
Region=Kafur
Population=221697.0
2009-01-04,-9999.9
2009-01-11,-9999.9
2009-01-18,0.45
2009-01-25,5.86
2009-02-01,7.22
2009-02-08,4.96
2009-02-15,0.45
2009-02-22,8.57
2009-03-01,16.69
2009-03-08,7.67
2009-03-15,9.47
2009-03-22,18.49
2009-03-29,36.99
2009-04-05,3.61
2009-04-12,60.89
2009-04-19,-9999.9
2009-04-26,0.45
Latitude=13.07688
Longitude=7.75806
Country=nigeria
State=Katsina
Region=Kaita
Population=201500.0
2009-01-04,-9999.9
2009-01-11,-9999.9
2009-01-18,1.99
2009-01-25,-9999.9
2009-02-01,-9999.9
2009-02-08,4.47
2009-02-15,11.41
2009-02-22,-9999.9
2009-03-01,48.64
2009-03-08,39.21
2009-03-15,36.72
2009-03-22,22.83
2009-03-29,28.29
2009-04-05,19.35
2009-04-12,27.79
2009-04-19,9.43
2009-04-26,4.96
Latitude=11.92889
Longitude=7.4177
Country=nigeria
State=Katsina
Region=Kankara
Population=268526.0
2009-01-04,-9999.9
2009-01-11,0.37
2009-01-18,-9999.9
2009-01-25,-9999.9
2009-02-01,-9999.9
2009-02-08,-9999.9
2009-02-15,5.21
2009-02-22,2.23
2009-03-01,14.52
2009-03-08,41.34
2009-03-15,13.78
2009-03-22,29.05
2009-03-29,20.85
2009-04-05,9.31
2009-04-12,23.09
2009-04-19,3.72
2009-04-26,2.23
Latitude=12.429
Longitude=7.77632
Country=nigeria
State=Katsina
Region=Kankia
Population=165476.0
2009-01-04,0.6
2009-01-11,-9999.9
2009-01-18,0.6
2009-01-25,1.81
2009-02-01,3.63
2009-02-08,5.44
2009-02-15,30.22
2009-02-22,9.67
2009-03-01,22.96
2009-03-08,12.69
2009-03-15,54.99
2009-03-22,18.73
2009-03-29,69.5
2009-04-05,16.92
2009-04-12,32.63
2009-04-19,18.73
2009-04-26,-9999.9
Latitude=12.99302
Longitude=7.60616
Country=nigeria
State=Katsina
Region=Katsina
Population=347989.0
2009-01-04,-9999.9
2009-01-11,-9999.9
2009-01-18,-9999.9
2009-01-25,-9999.9
2009-02-01,2.01
2009-02-08,2.3
2009-02-15,0.86
2009-02-22,7.76
2009-03-01,4.6
2009-03-08,12.93
2009-03-15,11.21
2009-03-22,20.69
2009-03-29,33.05
2009-04-05,36.78
2009-04-12,43.39
2009-04-19,-9999.9
2009-04-26,-9999.9
Latitude=12.66534
Longitude=7.48392
Country=nigeria
State=Katsina
Region=Kurfi
Population=128484.0
2009-01-04,-9999.9
2009-01-11,5.45
2009-01-18,2.33
2009-01-25,10.12
2009-02-01,3.89
2009-02-08,19.46
2009-02-15,35.8
2009-02-22,-9999.9
2009-03-01,21.79
2009-03-08,-9999.9
2009-03-15,-9999.9
2009-03-22,6.23
2009-03-29,1.56
2009-04-05,-9999.9
2009-04-12,8.56
2009-04-19,4.67
2009-04-26,-9999.9
Latitude=12.43046
Longitude=8.02899
Country=nigeria
State=Katsina
Region=Kusada
Population=108472.0
2009-01-04,-9999.9
2009-01-11,-9999.9
2009-01-18,-9999.9
2009-01-25,-9999.9
2009-02-01,11.98
2009-02-08,17.52
2009-02-15,8.3
2009-02-22,3.69
2009-03-01,18.44
2009-03-08,-9999.9
2009-03-15,9.22
2009-03-22,56.24
2009-03-29,56.24
2009-04-05,32.27
2009-04-12,6.45
2009-04-19,-9999.9
2009-04-26,-9999.9
Latitude=12.99302
Longitude=7.60616
Country=nigeria
State=Katsina
Region=Maiaduwa
Population=219833.0
2009-01-04,-9999.9
2009-01-11,1.36
2009-01-18,3.64
2009-01-25,-9999.9
2009-02-01,-9999.9
2009-02-08,-9999.9
2009-02-15,-9999.9
2009-02-22,2.27
2009-03-01,3.46
2009-03-08,-9999.9
2009-03-15,5.46
2009-03-22,7.28
2009-03-29,15.47
2009-04-05,5.91
2009-04-12,14.1
2009-04-19,-9999.9
2009-04-26,-9999.9
Latitude=12.99302
Longitude=7.60616
Country=nigeria
State=Katsina
Region=Malunfashi
Population=199882.0
2009-01-04,1.5
2009-01-11,-9999.9
2009-01-18,-9999.9
2009-01-25,-9999.9
2009-02-01,7.5
2009-02-08,13.01
2009-02-15,18.01
2009-02-22,29.02
2009-03-01,23.01
2009-03-08,-9999.9
2009-03-15,53.03
2009-03-22,56.03
2009-03-29,48.53
2009-04-05,-9999.9
2009-04-12,61.04
2009-04-19,-9999.9
2009-04-26,-9999.9
Latitude=12.85214
Longitude=7.87924
Country=nigeria
State=Katsina
Region=Mani
Population=193376.0
2009-01-04,-9999.9
2009-01-11,-9999.9
2009-01-18,-9999.9
2009-01-25,-9999.9
2009-02-01,-9999.9
2009-02-08,-9999.9
2009-02-15,7.24
2009-02-22,3.1
2009-03-01,2.07
2009-03-08,-9999.9
2009-03-15,-9999.9
2009-03-22,3.1
2009-03-29,-9999.9
2009-04-05,12.93
2009-04-12,-9999.9
2009-04-19,4.65
2009-04-26,-9999.9
Latitude=12.9752
Longitude=7.94679
Country=nigeria
State=Katsina
Region=Mashi
Population=189188.0
2009-01-04,-9999.9
2009-01-11,-9999.9
2009-01-18,-9999.9
2009-01-25,-9999.9
2009-02-01,3.17
2009-02-08,-9999.9
2009-02-15,-9999.9
2009-02-22,-9999.9
2009-03-01,1.59
2009-03-08,-9999.9
2009-03-15,7.93
2009-03-22,-9999.9
2009-03-29,6.34
2009-04-05,13.74
2009-04-12,8.99
2009-04-19,7.93
2009-04-26,3.7
Latitude=12.2469
Longitude=7.64461
Country=nigeria
State=Katsina
Region=Matazu
Population=125019.0
2009-01-04,-9999.9
2009-01-11,-9999.9
2009-01-18,1.59
2009-01-25,6.35
2009-02-01,-9999.9
2009-02-08,5.55
2009-02-15,12.7
2009-02-22,-9999.9
2009-03-01,15.87
2009-03-08,3.97
2009-03-15,24.6
2009-03-22,-9999.9
2009-03-29,68.24
2009-04-05,49.99
2009-04-12,32.53
2009-04-19,-9999.9
2009-04-26,-9999.9
Latitude=12.12734
Longitude=7.67164
Country=nigeria
State=Katsina
Region=Musawa
Population=187637.0
2009-01-04,-9999.9
2009-01-11,-9999.9
2009-01-18,3.2
2009-01-25,4.8
2009-02-01,1.6
2009-02-08,21.32
2009-02-15,18.65
2009-02-22,-9999.9
2009-03-01,51.16
2009-03-08,-9999.9
2009-03-15,27.18
2009-03-22,62.35
2009-03-29,33.04
2009-04-05,17.05
2009-04-12,9.59
2009-04-19,10.13
2009-04-26,-9999.9
Latitude=12.84716
Longitude=7.6692
Country=nigeria
State=Katsina
Region=Rimi
Population=168000.0
2009-01-04,-9999.9
2009-01-11,-9999.9
2009-01-18,-9999.9
2009-01-25,-9999.9
2009-02-01,-9999.9
2009-02-08,4.76
2009-02-15,8.33
2009-02-22,8.33
2009-03-01,4.76
2009-03-08,8.33
2009-03-15,33.93
2009-03-22,57.14
2009-03-29,52.38
2009-04-05,51.79
2009-04-12,38.69
2009-04-19,19.64
2009-04-26,20.24
Latitude=11.27501
Longitude=7.03884
Country=nigeria
State=Katsina
Region=Sabuwa
Population=200820.0
2009-01-04,-9999.9
2009-01-11,-9999.9
2009-01-18,-9999.9
2009-01-25,-9999.9
2009-02-01,-9999.9
2009-02-08,-9999.9
2009-02-15,-9999.9
2009-02-22,-9999.9
2009-03-01,-9999.9
2009-03-08,0.67
2009-03-15,16.14
2009-03-22,14.8
2009-03-29,18.16
2009-04-05,-9999.9
2009-04-12,-9999.9
2009-04-19,-9999.9
2009-04-26,-9999.9
Latitude=12.41615
Longitude=7.4319
Country=nigeria
State=Katsina
Region=Safana
Population=200820.0
2009-01-04,-9999.9
2009-01-11,-9999.9
2009-01-18,2.99
2009-01-25,2.99
2009-02-01,1.49
2009-02-08,-9999.9
2009-02-15,1.0
2009-02-22,1.49
2009-03-01,1.99
2009-03-08,5.98
2009-03-15,3.49
2009-03-22,29.38
2009-03-29,15.44
2009-04-05,22.91
2009-04-12,17.43
2009-04-19,7.97
2009-04-26,13.44
Latitude=12.96361
Longitude=8.36222
Country=nigeria
State=Katsina
Region=Sandamu
Population=150017.0
2009-01-04,1.33
2009-01-11,2.67
2009-01-18,7.33
2009-01-25,10.0
2009-02-01,16.66
2009-02-08,-9999.9
2009-02-15,-9999.9
2009-02-22,-9999.9
2009-03-01,35.33
2009-03-08,22.66
2009-03-15,-9999.9
2009-03-22,5.33
2009-03-29,3.33
2009-04-05,-9999.9
2009-04-12,-9999.9
2009-04-19,-9999.9
2009-04-26,-9999.9
Latitude=13.04918
Longitude=8.47983
Country=nigeria
State=Katsina
Region=Zango
Population=169092.0
2009-01-04,-9999.9
2009-01-11,-9999.9
2009-01-18,-9999.9
2009-01-25,-9999.9
2009-02-01,-9999.9
2009-02-08,-9999.9
2009-02-15,-9999.9
2009-02-22,9.46
2009-03-01,20.11
2009-03-08,-9999.9
2009-03-15,24.84
2009-03-22,3.55
2009-03-29,-9999.9
2009-04-05,-9999.9
2009-04-12,-9999.9
2009-04-19,-9999.9
2009-04-26,-9999.9
Latitude=12.28733
Longitude=4.46874
Country=nigeria
State=Kebbi
Region=Aliero
Population=72301.0
2009-01-04,-9999.9
2009-01-11,-9999.9
2009-01-18,-9999.9
2009-01-25,-9999.9
2009-02-01,-9999.9
2009-02-08,-9999.9
2009-02-15,-9999.9
2009-02-22,4.15
2009-03-01,11.06
2009-03-08,-9999.9
2009-03-15,-9999.9
2009-03-22,-9999.9
2009-03-29,-9999.9
2009-04-05,-9999.9
2009-04-12,-9999.9
2009-04-19,-9999.9
2009-04-26,-9999.9
Latitude=11.73465
Longitude=5.24546
Country=nigeria
State=Kebbi
Region=Arewa
Population=201681.0
2009-01-04,-9999.9
2009-01-11,-9999.9
2009-01-18,-9999.9
2009-01-25,-9999.9
2009-02-01,-9999.9
2009-02-08,-9999.9
2009-02-15,-9999.9
2009-02-22,-9999.9
2009-03-01,-9999.9
2009-03-08,-9999.9
2009-03-15,1.49
2009-03-22,2.97
2009-03-29,2.48
2009-04-05,0.99
2009-04-12,1.49
2009-04-19,0.99
2009-04-26,5.45
Latitude=12.45518
Longitude=4.19683
Country=nigeria
State=Kebbi
Region=Birnin Kebbi
Population=294165.0
2009-01-04,-9999.9
2009-01-11,-9999.9
2009-01-18,-9999.9
2009-01-25,-9999.9
2009-02-01,-9999.9
2009-02-08,-9999.9
2009-02-15,-9999.9
2009-02-22,-9999.9
2009-03-01,2.04
2009-03-08,0.34
2009-03-15,-9999.9
2009-03-22,4.76
2009-03-29,2.72
2009-04-05,1.36
2009-04-12,-9999.9
2009-04-19,-9999.9
2009-04-26,5.1
Latitude=12.07916
Longitude=4.01612
Country=nigeria
State=Kebbi
Region=Bunza
Population=133111.0
2009-01-04,-9999.9
2009-01-11,-9999.9
2009-01-18,-9999.9
2009-01-25,-9999.9
2009-02-01,-9999.9
2009-02-08,-9999.9
2009-02-15,4.51
2009-02-22,-9999.9
2009-03-01,12.77
2009-03-08,11.27
2009-03-15,-9999.9
2009-03-22,6.76
2009-03-29,5.26
2009-04-05,0.75
2009-04-12,-9999.9
2009-04-19,-9999.9
2009-04-26,-9999.9
Latitude=11.79225
Longitude=3.81134
Country=nigeria
State=Kebbi
Region=Dandi
Population=158111.0
2009-01-04,-9999.9
2009-01-11,-9999.9
2009-01-18,-9999.9
2009-01-25,-9999.9
2009-02-01,-9999.9
2009-02-08,-9999.9
2009-02-15,2.53
2009-02-22,-9999.9
2009-03-01,-9999.9
2009-03-08,-9999.9
2009-03-15,-9999.9
2009-03-22,-9999.9
2009-03-29,-9999.9
2009-04-05,8.22
2009-04-12,4.43
2009-04-19,2.53
2009-04-26,-9999.9
Latitude=12.33136
Longitude=4.20037
Country=nigeria
State=Kebbi
Region=Kalgo
Population=93594.0
2009-01-04,-9999.9
2009-01-11,-9999.9
2009-01-18,-9999.9
2009-01-25,-9999.9
2009-02-01,-9999.9
2009-02-08,-9999.9
2009-02-15,-9999.9
2009-02-22,-9999.9
2009-03-01,-9999.9
2009-03-08,3.21
2009-03-15,-9999.9
2009-03-22,8.55
2009-03-29,3.21
2009-04-05,-9999.9
2009-04-12,-9999.9
2009-04-19,-9999.9
2009-04-26,-9999.9
Latitude=11.73465
Longitude=5.24546
Country=nigeria
State=Kebbi
Region=Koko Bese
Population=169434.0
2009-01-04,-9999.9
2009-01-11,-9999.9
2009-01-18,-9999.9
2009-01-25,-9999.9
2009-02-01,-9999.9
2009-02-08,-9999.9
2009-02-15,-9999.9
2009-02-22,-9999.9
2009-03-01,-9999.9
2009-03-08,-9999.9
2009-03-15,-9999.9
2009-03-22,2.36
2009-03-29,-9999.9
2009-04-05,-9999.9
2009-04-12,5.31
2009-04-19,-9999.9
2009-04-26,-9999.9
Latitude=11.9339
Longitude=4.34385
Country=nigeria
State=Kebbi
Region=Maiyama
Population=192537.0
2009-01-04,-9999.9
2009-01-11,-9999.9
2009-01-18,-9999.9
2009-01-25,-9999.9
2009-02-01,-9999.9
2009-02-08,-9999.9
2009-02-15,-9999.9
2009-02-22,0.52
2009-03-01,-9999.9
2009-03-08,-9999.9
2009-03-15,-9999.9
2009-03-22,3.64
2009-03-29,-9999.9
2009-04-05,6.23
2009-04-12,1.56
2009-04-19,4.67
2009-04-26,1.04
Latitude=11.91707
Longitude=4.18988
Country=nigeria
State=Kebbi
Region=Suru
Population=164639.0
2009-01-04,-9999.9
2009-01-11,-9999.9
2009-01-18,-9999.9
2009-01-25,-9999.9
2009-02-01,-9999.9
2009-02-08,-9999.9
2009-02-15,-9999.9
2009-02-22,-9999.9
2009-03-01,-9999.9
2009-03-08,-9999.9
2009-03-15,-9999.9
2009-03-22,9.11
2009-03-29,-9999.9
2009-04-05,-9999.9
2009-04-12,-9999.9
2009-04-19,-9999.9
2009-04-26,-9999.9
Latitude=8.51767
Longitude=7.7283
Country=nigeria
State=Nasarawa
Region=N/Eggoon
Population=162957.0
2009-01-04,-9999.9
2009-01-11,-9999.9
2009-01-18,-9999.9
2009-01-25,-9999.9
2009-02-01,-9999.9
2009-02-08,-9999.9
2009-02-15,-9999.9
2009-02-22,-9999.9
2009-03-01,6.14
2009-03-08,0.61
2009-03-15,-9999.9
2009-03-22,-9999.9
2009-03-29,-9999.9
2009-04-05,-9999.9
2009-04-12,-9999.9
2009-04-19,-9999.9
2009-04-26,-9999.9
Latitude=10.29476
Longitude=4.94002
Country=nigeria
State=Niger
Region=Magama
Population=200819.0
2009-01-04,-9999.9
2009-01-11,-9999.9
2009-01-18,1.0
2009-01-25,1.0
2009-02-01,0.5
2009-02-08,2.99
2009-02-15,-9999.9
2009-02-22,3.98
2009-03-01,-9999.9
2009-03-08,3.98
2009-03-15,4.48
2009-03-22,3.49
2009-03-29,2.49
2009-04-05,5.48
2009-04-12,-9999.9
2009-04-19,-9999.9
2009-04-26,-9999.9
Latitude=10.55106
Longitude=5.75695
Country=nigeria
State=Niger
Region=Mariga
Population=220471.0
2009-01-04,-9999.9
2009-01-11,-9999.9
2009-01-18,-9999.9
2009-01-25,-9999.9
2009-02-01,-9999.9
2009-02-08,-9999.9
2009-02-15,1.36
2009-02-22,1.81
2009-03-01,1.81
2009-03-08,-9999.9
2009-03-15,-9999.9
2009-03-22,1.81
2009-03-29,1.81
2009-04-05,5.44
2009-04-12,-9999.9
2009-04-19,-9999.9
2009-04-26,-9999.9
Latitude=9.22317
Longitude=8.9305
Country=nigeria
State=Plateau
Region=Bokkos
Population=193303.0
2009-01-04,-9999.9
2009-01-11,-9999.9
2009-01-18,-9999.9
2009-01-25,-9999.9
2009-02-01,0.52
2009-02-08,0.52
2009-02-15,0.52
2009-02-22,5.17
2009-03-01,-9999.9
2009-03-08,-9999.9
2009-03-15,-9999.9
2009-03-22,-9999.9
2009-03-29,-9999.9
2009-04-05,2.07
2009-04-12,0.52
2009-04-19,1.03
2009-04-26,-9999.9
Latitude=9.03431
Longitude=9.76203
Country=nigeria
State=Plateau
Region=Langtang North
Population=152345.0
2009-01-04,-9999.9
2009-01-11,-9999.9
2009-01-18,0.66
2009-01-25,-9999.9
2009-02-01,-9999.9
2009-02-08,-9999.9
2009-02-15,-9999.9
2009-02-22,-9999.9
2009-03-01,-9999.9
2009-03-08,-9999.9
2009-03-15,14.44
2009-03-22,3.28
2009-03-29,-9999.9
2009-04-05,1.97
2009-04-12,0.66
2009-04-19,1.97
2009-04-26,0.66
Latitude=13.177
Longitude=4.93353
Country=nigeria
State=Sokoto
Region=Binji
Population=114766.0
2009-01-04,-9999.9
2009-01-11,-9999.9
2009-01-18,-9999.9
2009-01-25,-9999.9
2009-02-01,-9999.9
2009-02-08,-9999.9
2009-02-15,-9999.9
2009-02-22,6.97
2009-03-01,1.74
2009-03-08,-9999.9
2009-03-15,1.74
2009-03-22,13.94
2009-03-29,2.61
2009-04-05,3.49
2009-04-12,0.87
2009-04-19,-9999.9
2009-04-26,3.49
Latitude=13.46106
Longitude=4.47496
Country=nigeria
State=Sokoto
Region=Gudu
Population=104404.0
2009-01-04,-9999.9
2009-01-11,-9999.9
2009-01-18,-9999.9
2009-01-25,-9999.9
2009-02-01,-9999.9
2009-02-08,-9999.9
2009-02-15,-9999.9
2009-02-22,-9999.9
2009-03-01,-9999.9
2009-03-08,4.79
2009-03-15,-9999.9
2009-03-22,24.9
2009-03-29,6.7
2009-04-05,2.87
2009-04-12,-9999.9
2009-04-19,27.78
2009-04-26,-9999.9
Latitude=13.4401
Longitude=5.33651
Country=nigeria
State=Sokoto
Region=Gwadabawa
Population=252811.0
2009-01-04,-9999.9
2009-01-11,-9999.9
2009-01-18,-9999.9
2009-01-25,-9999.9
2009-02-01,-9999.9
2009-02-08,9.1
2009-02-15,14.64
2009-02-22,7.52
2009-03-01,30.46
2009-03-08,4.75
2009-03-15,5.54
2009-03-22,2.37
2009-03-29,4.35
2009-04-05,-9999.9
2009-04-12,-9999.9
2009-04-19,0.79
2009-04-26,0.79
Latitude=13.66844
Longitude=5.73254
Country=nigeria
State=Sokoto
Region=Illela
Population=164443.0
2009-01-04,-9999.9
2009-01-11,-9999.9
2009-01-18,-9999.9
2009-01-25,-9999.9
2009-02-01,-9999.9
2009-02-08,-9999.9
2009-02-15,-9999.9
2009-02-22,24.93
2009-03-01,6.69
2009-03-08,14.59
2009-03-15,4.26
2009-03-22,9.12
2009-03-29,2.43
2009-04-05,-9999.9
2009-04-12,-9999.9
2009-04-19,12.16
2009-04-26,-9999.9
Latitude=13.18739
Longitude=6.3691
Country=nigeria
State=Sokoto
Region=Isa
Population=159651.0
2009-01-04,-9999.9
2009-01-11,-9999.9
2009-01-18,-9999.9
2009-01-25,-9999.9
2009-02-01,-9999.9
2009-02-08,-9999.9
2009-02-15,-9999.9
2009-02-22,36.96
2009-03-01,-9999.9
2009-03-08,3.76
2009-03-15,-9999.9
2009-03-22,-9999.9
2009-03-29,-9999.9
2009-04-05,1.88
2009-04-12,-9999.9
2009-04-19,-9999.9
2009-04-26,-9999.9
Latitude=11.85284
Longitude=4.77196
Country=nigeria
State=Sokoto
Region=Kebbe
Population=136217.0
2009-01-04,-9999.9
2009-01-11,-9999.9
2009-01-18,-9999.9
2009-01-25,-9999.9
2009-02-01,-9999.9
2009-02-08,-9999.9
2009-02-15,-9999.9
2009-02-22,-9999.9
2009-03-01,-9999.9
2009-03-08,-9999.9
2009-03-15,-9999.9
2009-03-22,27.16
2009-03-29,4.4
2009-04-05,5.14
2009-04-12,3.67
2009-04-19,-9999.9
2009-04-26,-9999.9
Latitude=13.16355
Longitude=5.24619
Country=nigeria
State=Sokoto
Region=Kware
Population=146315.0
2009-01-04,-9999.9
2009-01-11,-9999.9
2009-01-18,-9999.9
2009-01-25,-9999.9
2009-02-01,-9999.9
2009-02-08,-9999.9
2009-02-15,1.37
2009-02-22,-9999.9
2009-03-01,2.05
2009-03-08,-9999.9
2009-03-15,-9999.9
2009-03-22,-9999.9
2009-03-29,5.47
2009-04-05,-9999.9
2009-04-12,4.1
2009-04-19,6.15
2009-04-26,-9999.9
Latitude=13.61096
Longitude=6.38239
Country=nigeria
State=Sokoto
Region=Sabon Birni
Population=226649.0
2009-01-04,-9999.9
2009-01-11,-9999.9
2009-01-18,-9999.9
2009-01-25,-9999.9
2009-02-01,-9999.9
2009-02-08,-9999.9
2009-02-15,-9999.9
2009-02-22,-9999.9
2009-03-01,-9999.9
2009-03-08,-9999.9
2009-03-15,-9999.9
2009-03-22,-9999.9
2009-03-29,5.29
2009-04-05,6.61
2009-04-12,-9999.9
2009-04-19,-9999.9
2009-04-26,-9999.9
Latitude=12.36258
Longitude=4.90973
Country=nigeria
State=Sokoto
Region=Tambuwal
Population=245788.0
2009-01-04,-9999.9
2009-01-11,-9999.9
2009-01-18,-9999.9
2009-01-25,-9999.9
2009-02-01,-9999.9
2009-02-08,-9999.9
2009-02-15,-9999.9
2009-02-22,5.7
2009-03-01,3.25
2009-03-08,-9999.9
2009-03-15,6.1
2009-03-22,-9999.9
2009-03-29,-9999.9
2009-04-05,-9999.9
2009-04-12,-9999.9
2009-04-19,-9999.9
2009-04-26,-9999.9
Latitude=13.47973
Longitude=4.96132
Country=nigeria
State=Sokoto
Region=Tangaza
Population=124410.0
2009-01-04,-9999.9
2009-01-11,-9999.9
2009-01-18,-9999.9
2009-01-25,-9999.9
2009-02-01,-9999.9
2009-02-08,-9999.9
2009-02-15,-9999.9
2009-02-22,-9999.9
2009-03-01,1.61
2009-03-08,-9999.9
2009-03-15,-9999.9
2009-03-22,-9999.9
2009-03-29,-9999.9
2009-04-05,19.29
2009-04-12,-9999.9
2009-04-19,11.25
2009-04-26,-9999.9
Latitude=12.5851
Longitude=5.54784
Country=nigeria
State=Sokoto
Region=Tureta
Population=74710.0
2009-01-04,-9999.9
2009-01-11,-9999.9
2009-01-18,-9999.9
2009-01-25,-9999.9
2009-02-01,-9999.9
2009-02-08,-9999.9
2009-02-15,-9999.9
2009-02-22,-9999.9
2009-03-01,2.68
2009-03-08,4.02
2009-03-15,-9999.9
2009-03-22,-9999.9
2009-03-29,24.09
2009-04-05,24.09
2009-04-12,-9999.9
2009-04-19,-9999.9
2009-04-26,-9999.9
Latitude=12.73287
Longitude=5.45842
Country=nigeria
State=Sokoto
Region=Wanako
Population=196275.0
2009-01-04,-9999.9
2009-01-11,-9999.9
2009-01-18,-9999.9
2009-01-25,-9999.9
2009-02-01,-9999.9
2009-02-08,-9999.9
2009-02-15,-9999.9
2009-02-22,-9999.9
2009-03-01,-9999.9
2009-03-08,-9999.9
2009-03-15,-9999.9
2009-03-22,7.13
2009-03-29,10.7
2009-04-05,1.53
2009-04-12,-9999.9
2009-04-19,-9999.9
2009-04-26,-9999.9
Latitude=8.034
Longitude=10.46864
Country=nigeria
State=Taraba
Region=K/Lanido
Population=213381.0
2009-01-04,-9999.9
2009-01-11,-9999.9
2009-01-18,-9999.9
2009-01-25,-9999.9
2009-02-01,-9999.9
2009-02-08,-9999.9
2009-02-15,-9999.9
2009-02-22,0.47
2009-03-01,7.5
2009-03-08,7.97
2009-03-15,3.75
2009-03-22,7.5
2009-03-29,9.37
2009-04-05,4.22
2009-04-12,1.41
2009-04-19,0.94
2009-04-26,-9999.9
Latitude=11.92825
Longitude=11.05479
Country=nigeria
State=Yobe
Region=Bado
Population=154979.0
2009-01-04,-9999.9
2009-01-11,-9999.9
2009-01-18,-9999.9
2009-01-25,-9999.9
2009-02-01,-9999.9
2009-02-08,1.29
2009-02-15,-9999.9
2009-02-22,-9999.9
2009-03-01,-9999.9
2009-03-08,1.29
2009-03-15,3.87
2009-03-22,4.52
2009-03-29,2.58
2009-04-05,3.87
2009-04-12,11.61
2009-04-19,11.61
2009-04-26,10.97
Latitude=12.70835
Longitude=11.3885
Country=nigeria
State=Yobe
Region=Bursari
Population=120988.0
2009-01-04,-9999.9
2009-01-11,-9999.9
2009-01-18,-9999.9
2009-01-25,-9999.9
2009-02-01,-9999.9
2009-02-08,-9999.9
2009-02-15,-9999.9
2009-02-22,16.53
2009-03-01,4.13
2009-03-08,8.27
2009-03-15,2.48
2009-03-22,2.48
2009-03-29,4.96
2009-04-05,12.4
2009-04-12,1.65
2009-04-19,3.31
2009-04-26,-9999.9
Latitude=11.74886
Longitude=11.96603
Country=nigeria
State=Yobe
Region=Damaturu
Population=97583.0
2009-01-04,-9999.9
2009-01-11,-9999.9
2009-01-18,-9999.9
2009-01-25,-9999.9
2009-02-01,-9999.9
2009-02-08,1.02
2009-02-15,8.2
2009-02-22,8.2
2009-03-01,18.45
2009-03-08,12.3
2009-03-15,14.35
2009-03-22,12.3
2009-03-29,29.72
2009-04-05,27.67
2009-04-12,27.67
2009-04-19,15.37
2009-04-26,11.27
Latitude=11.28022
Longitude=11.30745
Country=nigeria
State=Yobe
Region=Fika
Population=151778.0
2009-01-04,-9999.9
2009-01-11,-9999.9
2009-01-18,-9999.9
2009-01-25,-9999.9
2009-02-01,-9999.9
2009-02-08,6.59
2009-02-15,9.88
2009-02-22,5.93
2009-03-01,2.64
2009-03-08,1.98
2009-03-15,1.98
2009-03-22,9.22
2009-03-29,7.25
2009-04-05,6.59
2009-04-12,1.32
2009-04-19,2.64
2009-04-26,-9999.9
Latitude=11.85175
Longitude=11.4093
Country=nigeria
State=Yobe
Region=Fune
Population=333458.0
2009-01-04,-9999.9
2009-01-11,-9999.9
2009-01-18,-9999.9
2009-01-25,-9999.9
2009-02-01,-9999.9
2009-02-08,5.4
2009-02-15,0.6
2009-02-22,2.4
2009-03-01,0.9
2009-03-08,-9999.9
2009-03-15,6.0
2009-03-22,3.6
2009-03-29,4.2
2009-04-05,3.9
2009-04-12,3.9
2009-04-19,3.9
2009-04-26,1.8
Latitude=11.49248
Longitude=11.93916
Country=nigeria
State=Yobe
Region=Gujba
Population=144231.0
2009-01-04,-9999.9
2009-01-11,-9999.9
2009-01-18,-9999.9
2009-01-25,-9999.9
2009-02-01,-9999.9
2009-02-08,2.08
2009-02-15,9.71
2009-02-22,15.25
2009-03-01,15.25
2009-03-08,22.88
2009-03-15,15.25
2009-03-22,15.25
2009-03-29,33.28
2009-04-05,42.29
2009-04-12,29.81
2009-04-19,20.8
2009-04-26,6.93
Latitude=10.84229
Longitude=11.77334
Country=nigeria
State=Yobe
Region=Gulani
Population=114763.0
2009-01-04,-9999.9
2009-01-11,-9999.9
2009-01-18,-9999.9
2009-01-25,-9999.9
2009-02-01,-9999.9
2009-02-08,15.68
2009-02-15,42.7
2009-02-22,6.97
2009-03-01,18.3
2009-03-08,8.71
2009-03-15,6.1
2009-03-22,3.49
2009-03-29,6.1
2009-04-05,4.36
2009-04-12,12.2
2009-04-19,3.49
2009-04-26,-9999.9
Latitude=12.2969
Longitude=10.93793
Country=nigeria
State=Yobe
Region=Jakusko
Population=253988.0
2009-01-04,-9999.9
2009-01-11,-9999.9
2009-01-18,-9999.9
2009-01-25,-9999.9
2009-02-01,-9999.9
2009-02-08,-9999.9
2009-02-15,1.97
2009-02-22,2.76
2009-03-01,1.57
2009-03-08,0.39
2009-03-15,4.33
2009-03-22,18.11
2009-03-29,5.12
2009-04-05,2.36
2009-04-12,7.87
2009-04-19,5.91
2009-04-26,-9999.9
Latitude=12.9714
Longitude=10.7645
Country=nigeria
State=Yobe
Region=Karasuwa
Population=118624.0
2009-01-04,-9999.9
2009-01-11,-9999.9
2009-01-18,-9999.9
2009-01-25,-9999.9
2009-02-01,-9999.9
2009-02-08,-9999.9
2009-02-15,-9999.9
2009-02-22,-9999.9
2009-03-01,-9999.9
2009-03-08,-9999.9
2009-03-15,20.23
2009-03-22,25.29
2009-03-29,4.22
2009-04-05,5.06
2009-04-12,-9999.9
2009-04-19,3.37
2009-04-26,-9999.9
Latitude=13.02841
Longitude=9.94642
Country=nigeria
State=Yobe
Region=Machina
Population=68304.0
2009-01-04,-9999.9
2009-01-11,-9999.9
2009-01-18,-9999.9
2009-01-25,1.46
2009-02-01,-9999.9
2009-02-08,1.46
2009-02-15,1.46
2009-02-22,5.86
2009-03-01,23.42
2009-03-08,7.32
2009-03-15,5.86
2009-03-22,-9999.9
2009-03-29,11.71
2009-04-05,5.85
2009-04-12,10.25
2009-04-19,2.93
2009-04-26,10.25
Latitude=11.7573
Longitude=11.00952
Country=nigeria
State=Yobe
Region=Nangere
Population=97371.0
2009-01-04,-9999.9
2009-01-11,-9999.9
2009-01-18,-9999.9
2009-01-25,-9999.9
2009-02-01,5.14
2009-02-08,1.03
2009-02-15,3.08
2009-02-22,3.08
2009-03-01,14.38
2009-03-08,-9999.9
2009-03-15,-9999.9
2009-03-22,2.05
2009-03-29,14.38
2009-04-05,26.7
2009-04-12,17.46
2009-04-19,1.03
2009-04-26,5.14
Latitude=12.87632
Longitude=10.45755
Country=nigeria
State=Yobe
Region=Nguru
Population=167008.0
2009-01-04,-9999.9
2009-01-11,1.2
2009-01-18,3.59
2009-01-25,-9999.9
2009-02-01,-9999.9
2009-02-08,1.8
2009-02-15,4.1
2009-02-22,3.59
2009-03-01,2.4
2009-03-08,3.59
2009-03-15,3.59
2009-03-22,12.57
2009-03-29,23.95
2009-04-05,23.35
2009-04-12,18.56
2009-04-19,11.98
2009-04-26,23.95
Latitude=11.70895
Longitude=11.06997
Country=nigeria
State=Yobe
Region=Potiskum
Population=228258.0
2009-01-04,-9999.9
2009-01-11,-9999.9
2009-01-18,-9999.9
2009-01-25,-9999.9
2009-02-01,-9999.9
2009-02-08,-9999.9
2009-02-15,6.13
2009-02-22,6.57
2009-03-01,11.83
2009-03-08,4.38
2009-03-15,2.63
2009-03-22,9.64
2009-03-29,9.2
2009-04-05,17.52
2009-04-12,14.46
2009-04-19,8.32
2009-04-26,5.26
Latitude=11.92825
Longitude=11.05479
Country=nigeria
State=Yobe
Region=Tarmuwa
Population=85587.0
2009-01-04,-9999.9
2009-01-11,-9999.9
2009-01-18,-9999.9
2009-01-25,-9999.9
2009-02-01,-9999.9
2009-02-08,-9999.9
2009-02-15,-9999.9
2009-02-22,-9999.9
2009-03-01,-9999.9
2009-03-08,2.34
2009-03-15,-9999.9
2009-03-22,3.5
2009-03-29,3.5
2009-04-05,5.84
2009-04-12,4.67
2009-04-19,-9999.9
2009-04-26,-9999.9
Latitude=13.11228
Longitude=11.83822
Country=nigeria
State=Yobe
Region=Yunusari
Population=139500.0
2009-01-04,-9999.9
2009-01-11,-9999.9
2009-01-18,-9999.9
2009-01-25,-9999.9
2009-02-01,-9999.9
2009-02-08,-9999.9
2009-02-15,-9999.9
2009-02-22,-9999.9
2009-03-01,-9999.9
2009-03-08,-9999.9
2009-03-15,-9999.9
2009-03-22,-9999.9
2009-03-29,0.72
2009-04-05,-9999.9
2009-04-12,-9999.9
2009-04-19,14.34
2009-04-26,4.3
Latitude=11.93805
Longitude=6.03979
Country=nigeria
State=Zamfara
Region=Anka 
Population=156381.0
2009-01-04,-9999.9
2009-01-11,-9999.9
2009-01-18,-9999.9
2009-01-25,-9999.9
2009-02-01,-9999.9
2009-02-08,-9999.9
2009-02-15,-9999.9
2009-02-22,10.23
2009-03-01,1.28
2009-03-08,-9999.9
2009-03-15,6.39
2009-03-22,7.03
2009-03-29,17.27
2009-04-05,-9999.9
2009-04-12,-9999.9
2009-04-19,-9999.9
2009-04-26,-9999.9
Latitude=12.49602
Longitude=5.69798
Country=nigeria
State=Zamfara
Region=Bakura
Population=205428.0
2009-01-04,-9999.9
2009-01-11,-9999.9
2009-01-18,-9999.9
2009-01-25,-9999.9
2009-02-01,-9999.9
2009-02-08,-9999.9
2009-02-15,-9999.9
2009-02-22,-9999.9
2009-03-01,-9999.9
2009-03-08,-9999.9
2009-03-15,-9999.9
2009-03-22,15.09
2009-03-29,-9999.9
2009-04-05,-9999.9
2009-04-12,-9999.9
2009-04-19,-9999.9
2009-04-26,-9999.9
Latitude=11.91181
Longitude=5.69339
Country=nigeria
State=Zamfara
Region=Bukkuyum
Population=232607.0
2009-01-04,-9999.9
2009-01-11,-9999.9
2009-01-18,0.43
2009-01-25,1.72
2009-02-01,1.29
2009-02-08,2.58
2009-02-15,1.29
2009-02-22,9.03
2009-03-01,0.86
2009-03-08,0.43
2009-03-15,10.75
2009-03-22,-9999.9
2009-03-29,-9999.9
2009-04-05,-9999.9
2009-04-12,-9999.9
2009-04-19,-9999.9
2009-04-26,-9999.9
Latitude=12.12015
Longitude=6.5871
Country=nigeria
State=Zamfara
Region=Bungudu
Population=283478.0
2009-01-04,-9999.9
2009-01-11,-9999.9
2009-01-18,1.41
2009-01-25,3.53
2009-02-01,3.53
2009-02-08,7.06
2009-02-15,7.06
2009-02-22,7.06
2009-03-01,7.06
2009-03-08,3.53
2009-03-15,7.41
2009-03-22,8.11
2009-03-29,7.06
2009-04-05,6.53
2009-04-12,2.12
2009-04-19,-9999.9
2009-04-26,0.35
Latitude=11.97902
Longitude=5.27771
Country=nigeria
State=Zamfara
Region=Gummi
Population=224810.0
2009-01-04,-9999.9
2009-01-11,-9999.9
2009-01-18,2.22
2009-01-25,0.44
2009-02-01,-9999.9
2009-02-08,3.11
2009-02-15,2.67
2009-02-22,-9999.9
2009-03-01,-9999.9
2009-03-08,0.44
2009-03-15,2.67
2009-03-22,-9999.9
2009-03-29,-9999.9
2009-04-05,24.02
2009-04-12,-9999.9
2009-04-19,-9999.9
Latitude=12.56157
Longitude=6.25018
Country=nigeria
State=Zamfara
Region=Maradun
Population=231748.0
2009-01-04,-9999.9
2009-01-11,-9999.9
2009-01-18,-9999.9
2009-01-25,-9999.9
2009-02-01,-9999.9
2009-02-08,-9999.9
2009-02-15,-9999.9
2009-02-22,-9999.9
2009-03-01,-9999.9
2009-03-08,-9999.9
2009-03-15,-9999.9
2009-03-22,-9999.9
2009-03-29,-9999.9
2009-04-05,8.2
2009-04-12,-9999.9
2009-04-19,-9999.9
Latitude=12.32583
Longitude=6.40519
Country=nigeria
State=Zamfara
Region=Maru
Population=320829.0
2009-01-04,0.94
2009-01-11,-9999.9
2009-01-18,-9999.9
2009-01-25,3.12
2009-02-01,-9999.9
2009-02-08,3.12
2009-02-15,6.23
2009-02-22,5.92
2009-03-01,3.12
2009-03-08,10.91
2009-03-15,14.96
2009-03-22,4.99
2009-03-29,9.97
2009-04-05,5.3
2009-04-12,2.18
2009-04-19,-9999.9
Latitude=12.98126
Longitude=6.3934
Country=nigeria
State=Zamfara
Region=Shinkafi
Population=149092.0
2009-01-04,0.67
2009-01-11,1.34
2009-01-18,-9999.9
2009-01-25,-9999.9
2009-02-01,-9999.9
2009-02-08,7.38
2009-02-15,10.06
2009-02-22,-9999.9
2009-03-01,1.34
2009-03-08,6.71
2009-03-15,14.76
2009-03-22,-9999.9
2009-03-29,-9999.9
2009-04-05,20.12
2009-04-12,4.7
2009-04-19,4.02
Latitude=12.56406
Longitude=6.06926
Country=nigeria
State=Zamfara
Region=Talata Mafara
Population=236503.0
2009-01-04,-9999.9
2009-01-11,-9999.9
2009-01-18,-9999.9
2009-01-25,-9999.9
2009-02-01,-9999.9
2009-02-08,-9999.9
2009-02-15,-9999.9
2009-02-22,-9999.9
2009-03-01,-9999.9
2009-03-08,5.07
2009-03-15,0.42
2009-03-22,0.42
2009-03-29,-9999.9
2009-04-05,-9999.9
2009-04-12,-9999.9
2009-04-19,-9999.9
Latitude=11.91105
Longitude=6.93622
Country=nigeria
State=Zamfara
Region=Tsafe
Population=292371.0
2009-01-04,-9999.9
2009-01-11,-9999.9
2009-01-18,-9999.9
2009-01-25,1.03
2009-02-01,-9999.9
2009-02-08,-9999.9
2009-02-15,-9999.9
2009-02-22,-9999.9
2009-03-01,-9999.9
2009-03-08,2.39
2009-03-15,0.68
2009-03-22,1.37
2009-03-29,2.39
2009-04-05,2.39
2009-04-12,8.21
2009-04-19,-9999.9
