<entries>
  <entry changedate="2025-03-15 10:43 UTC" createdate="2025-03-15 10:43 UTC" entryorder="999" fromdate="2025-03-15 10:43 UTC" id="b23ba31a-a386-4b6f-a02a-b04c2f30bf66" isgroup="true" name="Archive Type Examples" parent="" path="Top/Archive/Archive Type Examples" todate="2025-03-15 10:43 UTC" type="group"/>
  <entry changedate="2025-03-18 11:57 UTC" createdate="2025-03-18 11:55 UTC" entryorder="999" fromdate="2025-03-18 11:55 UTC" id="31597eb9-14f9-4e81-a21f-bd70f07d2b43" isgroup="true" name="Dakota verbena" parent="b23ba31a-a386-4b6f-a02a-b04c2f30bf66" path="Top/Archive/Archive Type Examples/Dakota verbena" todate="2025-03-18 11:55 UTC" type="type_archive_botanical_specimen">
    <metadata id="8d5c030b-f2a9-44eb-a0d3-b427ff5ae459" inherited="false" type="content.thumbnail">
      <attr fileid="007fa28e-1718-4f1c-b6eb-ec7bd7eac50e" index="1"><![CDATA[YWE5NzJjOTktN2YwYS00NWQzLTlmYmMtYWY4NGRjZWE2ZDMwX2ZpbGVfdmVyYmVuYS5qcGc=
]]></attr>
      <attr index="2"><![CDATA[]]></attr>
      <attr index="3"><![CDATA[ZmFsc2U=
]]></attr>
    </metadata>
    <locality encoded="true"><![CDATA[]]></locality>
    <country encoded="true"><![CDATA[]]></country>
    <county encoded="true"><![CDATA[]]></county>
    <state encoded="true"><![CDATA[]]></state>
    <waterbody_drain encoded="true"><![CDATA[]]></waterbody_drain>
    <township encoded="true"><![CDATA[]]></township>
    <range encoded="true"><![CDATA[]]></range>
    <section encoded="true"><![CDATA[]]></section>
    <utm_zone encoded="true"><![CDATA[]]></utm_zone>
    <utm_easting encoded="true"><![CDATA[TmFO
]]></utm_easting>
    <utm_northing encoded="true"><![CDATA[TmFO
]]></utm_northing>
    <vertical_datum encoded="true"><![CDATA[]]></vertical_datum>
    <datum encoded="true"><![CDATA[]]></datum>
    <deposit_environment encoded="true"><![CDATA[]]></deposit_environment>
    <habitat_type encoded="true"><![CDATA[]]></habitat_type>
    <habitat_description encoded="true"><![CDATA[]]></habitat_description>
    <item_count encoded="true"><![CDATA[MA==
]]></item_count>
    <quantity encoded="true"><![CDATA[MA==
]]></quantity>
    <common_name encoded="true"><![CDATA[RGFrb3RhIHZlcmJlbmEsIERha290YSBtb2NrIHZlcnZhaW4=
]]></common_name>
    <scientific_name encoded="true"><![CDATA[R2xhbmR1bGFyaWEgYmlwaW5uYXRpZmlkYSB2YXIuIGJpcGlubmF0aWZpZGE=
]]></scientific_name>
    <taxon_kingdom encoded="true"><![CDATA[UGxhbnRhZQ==
]]></taxon_kingdom>
    <taxon_division encoded="true"><![CDATA[VHJhY2hlb3BoeXRh
]]></taxon_division>
    <taxon_class encoded="true"><![CDATA[TWFnbm9saW9wc2lkYQ==
]]></taxon_class>
    <taxon_order encoded="true"><![CDATA[TGFtaWFsZXM=
]]></taxon_order>
    <taxon_family encoded="true"><![CDATA[VmVyYmVuYWNlYWU=
]]></taxon_family>
    <taxon_genus encoded="true"><![CDATA[R2xhbmR1bGFyaWE=
]]></taxon_genus>
    <taxon_species encoded="true"><![CDATA[R2xhbmR1bGFyaWEgYmlwaW5uYXRpZmlkYQ==
]]></taxon_species>
    <taxon_variety encoded="true"><![CDATA[R2xhbmR1bGFyaWEgYmlwaW5uYXRpZmlkYSB2YXIuIGJpcGlubmF0aWZpZGE=
]]></taxon_variety>
    <tsn_number encoded="true"><![CDATA[]]></tsn_number>
  </entry>
  <entry changedate="2025-03-14 20:47 UTC" createdate="2025-03-14 19:30 UTC" entryorder="999" fromdate="2025-03-14 00:00 UTC" id="f880ebef-f569-4e87-92a1-67bc93e42ca2" isgroup="false" name="Example Geologic Specimen" parent="b23ba31a-a386-4b6f-a02a-b04c2f30bf66" path="Top/Archive/Archive Type Examples/Example Geologic Specimen" todate="2025-03-14 00:00 UTC" type="type_archive_geologic_specimen">
    <locality encoded="true"><![CDATA[]]></locality>
    <country encoded="true"><![CDATA[VVM=
]]></country>
    <county encoded="true"><![CDATA[VHJpcHAgQ291bnR5
]]></county>
    <state encoded="true"><![CDATA[U291dGggRGFrb3Rh
]]></state>
    <waterbody_drain encoded="true"><![CDATA[]]></waterbody_drain>
    <township encoded="true"><![CDATA[]]></township>
    <range encoded="true"><![CDATA[]]></range>
    <section encoded="true"><![CDATA[]]></section>
    <utm_zone encoded="true"><![CDATA[]]></utm_zone>
    <utm_easting encoded="true"><![CDATA[TmFO
]]></utm_easting>
    <utm_northing encoded="true"><![CDATA[TmFO
]]></utm_northing>
    <vertical_datum encoded="true"><![CDATA[]]></vertical_datum>
    <datum encoded="true"><![CDATA[]]></datum>
    <deposit_environment encoded="true"><![CDATA[]]></deposit_environment>
    <item_count encoded="true"><![CDATA[MA==
]]></item_count>
    <quantity encoded="true"><![CDATA[MA==
]]></quantity>
    <width encoded="true"><![CDATA[MTAuMA==
]]></width>
    <height encoded="true"><![CDATA[MjAuMA==
]]></height>
    <weight encoded="true"><![CDATA[MzMuMA==
]]></weight>
    <collector encoded="true"><![CDATA[]]></collector>
    <collection_number encoded="true"><![CDATA[]]></collection_number>
    <study_number encoded="true"><![CDATA[]]></study_number>
    <condition encoded="true"><![CDATA[]]></condition>
    <condition_description encoded="true"><![CDATA[]]></condition_description>
    <prep_material encoded="true"><![CDATA[]]></prep_material>
    <eminent_figure encoded="true"><![CDATA[]]></eminent_figure>
    <recommended_conservation encoded="true"><![CDATA[]]></recommended_conservation>
    <cataloger encoded="true"><![CDATA[]]></cataloger>
    <exhibit_label encoded="true"><![CDATA[]]></exhibit_label>
    <lithology encoded="true"><![CDATA[]]></lithology>
    <pedotype encoded="true"><![CDATA[]]></pedotype>
    <period_system encoded="true"><![CDATA[]]></period_system>
    <age_stage encoded="true"><![CDATA[]]></age_stage>
    <epoch_series encoded="true"><![CDATA[]]></epoch_series>
    <formation encoded="true"><![CDATA[]]></formation>
    <member encoded="true"><![CDATA[]]></member>
    <unit encoded="true"><![CDATA[]]></unit>
    <thin_section encoded="true"><![CDATA[]]></thin_section>
    <notes encoded="true"><![CDATA[]]></notes>
  </entry>
  <entry changedate="2025-03-08 15:56 UTC" createdate="2025-03-08 15:56 UTC" entryorder="999" fromdate="2025-03-08 15:56 UTC" id="ae1c4872-5342-4af1-aa2b-a0286296883d" isgroup="false" name="Example Paleontological Specimen" parent="b23ba31a-a386-4b6f-a02a-b04c2f30bf66" path="Top/Archive/Archive Type Examples/Example Paleontological Specimen" todate="2025-03-08 15:56 UTC" type="type_archive_paleontology_specimen">
    <locality encoded="true"><![CDATA[]]></locality>
    <country encoded="true"><![CDATA[]]></country>
    <county encoded="true"><![CDATA[]]></county>
    <state encoded="true"><![CDATA[]]></state>
    <waterbody_drain encoded="true"><![CDATA[]]></waterbody_drain>
    <township encoded="true"><![CDATA[]]></township>
    <range encoded="true"><![CDATA[]]></range>
    <section encoded="true"><![CDATA[]]></section>
    <utm_zone encoded="true"><![CDATA[]]></utm_zone>
    <utm_easting encoded="true"><![CDATA[TmFO
]]></utm_easting>
    <utm_northing encoded="true"><![CDATA[TmFO
]]></utm_northing>
    <vertical_datum encoded="true"><![CDATA[]]></vertical_datum>
    <datum encoded="true"><![CDATA[]]></datum>
    <deposit_environment encoded="true"><![CDATA[]]></deposit_environment>
    <item_count encoded="true"><![CDATA[MA==
]]></item_count>
    <quantity encoded="true"><![CDATA[MA==
]]></quantity>
    <width encoded="true"><![CDATA[TmFO
]]></width>
    <height encoded="true"><![CDATA[TmFO
]]></height>
    <weight encoded="true"><![CDATA[TmFO
]]></weight>
  </entry>
  <entry changedate="2025-03-26 01:51 UTC" createdate="2025-03-15 11:58 UTC" east="-92.4433637" entryorder="999" fromdate="2025-03-15 00:00 UTC" id="7394cc4c-1c2b-41f9-8e62-05d7f653aa55" isgroup="true" name="Golden Eagle" north="40.9400764" parent="b23ba31a-a386-4b6f-a02a-b04c2f30bf66" path="Top/Archive/Archive Type Examples/Golden Eagle" south="40.9400764" todate="2025-03-15 00:00 UTC" type="type_archive_ornithology_specimen" west="-92.4433637">
    <metadata id="f9818c3e-7927-4843-b626-e1ed5563b1db" inherited="false" type="archive_collection_details">
      <attr index="1"><![CDATA[U29tZSBDb2xsZWN0b3I=
]]></attr>
      <attr index="2"><![CDATA[MjAyNS0wMy0xMg==
]]></attr>
      <attr index="3"><![CDATA[dHJhcHBpbmc=
]]></attr>
      <attr index="4"><![CDATA[U29tZSBub3Rl
]]></attr>
    </metadata>
    <metadata id="46a4df62-acf6-4b16-9423-31fb2816411d" inherited="false" type="archive_cultural_use">
      <attr index="1"><![CDATA[U29tZSBjdWx0dXJhbCB1c2U=
]]></attr>
    </metadata>
    <metadata id="f75cd10d-3900-478b-9838-e45c5927af40" inherited="false" type="archive_internal">
      <attr index="1"><![CDATA[QXJjaGl2ZSBub3Rl
]]></attr>
    </metadata>
    <metadata id="09777775-cd0a-4aba-87d6-d53da771ad7e" inherited="false" type="archive_media_resource">
      <attr index="1"><![CDATA[]]></attr>
      <attr index="2"><![CDATA[aHR0cHM6Ly93d3cueW91dHViZS5jb20vd2F0Y2g/dj1yWkE3TWVTck8zNA==
]]></attr>
      <attr index="3"><![CDATA[U29tZSBZVCBjYXB0aW9u
]]></attr>
      <attr index="4"><![CDATA[]]></attr>
    </metadata>
    <metadata id="4d1733f2-b59b-4cb5-b89e-d5a25c39428f" inherited="false" type="archive_media_resource">
      <attr index="1"><![CDATA[NWE1NjM0MjUtMWRjMy00Yjg0LWJjMDctOTQzODIyYWU5MTk1X2ZpbGVfT0xDX0FyY2hpdmVzX2Jv
b2tzLmpwZw==
]]></attr>
      <attr index="2"><![CDATA[U29tZSBjYXB0aW9u
]]></attr>
      <attr index="3"><![CDATA[]]></attr>
      <attr index="4"><![CDATA[]]></attr>
    </metadata>
    <metadata id="55b55b47-1239-4e00-969e-0140a11015be" inherited="false" type="archive_media_resource">
      <attr index="1"><![CDATA[NzExOTdlOWMtM2IwYS00MTA5LWJkYTUtMTI4MzA5MjM4NDQ5X2ZpbGVfVjU5TjFfTW9zY2gucGRm
]]></attr>
      <attr index="2"><![CDATA[U29tZSBvdGhlciBjYXB0aW9u
]]></attr>
      <attr index="3"><![CDATA[]]></attr>
      <attr index="4"><![CDATA[]]></attr>
    </metadata>
    <metadata id="d0e47e2e-f244-4cb7-aa6a-d584bf4a83d3" inherited="false" type="archive_media_resource">
      <attr index="1"><![CDATA[ODJlZjA3MDYtM2Y1ZS00YThiLWE2MzItY2M3MDYyNWQ0ZGYyX2ZpbGVfQ293X0NyZWVrLm00YQ==
]]></attr>
      <attr index="2"><![CDATA[]]></attr>
      <attr index="3"><![CDATA[]]></attr>
      <attr index="4"><![CDATA[]]></attr>
    </metadata>
    <metadata id="d6ee3a85-5135-4e6c-89d7-27979ac6cba4" inherited="false" type="archive_specimen_media">
      <attr index="1"><![CDATA[QWxhcm0gY2FsbA==
]]></attr>
      <attr fileid="9b9b3ac0-3fb3-47b6-a247-ac1776a872c9" index="2"><![CDATA[MDc3YjY4NGUtYTQ5Yi00YTFkLTlhNjctNGMwN2E2MWJhOWRlX2ZpbGVfQ293X0NyZWVrLm00YQ==
]]></attr>
      <attr index="3"><![CDATA[U29tZSBub3Rlcw==
]]></attr>
    </metadata>
    <metadata id="3aa3c276-6b67-409c-a1bd-9ae31a19fa2e" inherited="false" type="content.keyword">
      <attr index="1"><![CDATA[a2V5d29yZA==
]]></attr>
    </metadata>
    <metadata id="dbc8538e-4920-46f7-af1b-7524ad77712d" inherited="false" type="content.thumbnail">
      <attr fileid="3f10d31e-0831-4865-8c71-7726eb04f341" index="1"><![CDATA[ZTA1MDEzYmUtMTZjMi00YjUyLThkMWQtZWJjZjdiZTAxMzAwX2ZpbGVfZWFnbGUuanBn
]]></attr>
      <attr index="2"><![CDATA[]]></attr>
      <attr index="3"><![CDATA[ZmFsc2U=
]]></attr>
    </metadata>
    <locality encoded="true"><![CDATA[]]></locality>
    <country encoded="true"><![CDATA[]]></country>
    <county encoded="true"><![CDATA[]]></county>
    <state encoded="true"><![CDATA[]]></state>
    <waterbody_drain encoded="true"><![CDATA[]]></waterbody_drain>
    <township encoded="true"><![CDATA[]]></township>
    <range encoded="true"><![CDATA[]]></range>
    <section encoded="true"><![CDATA[]]></section>
    <utm_zone encoded="true"><![CDATA[]]></utm_zone>
    <utm_easting encoded="true"><![CDATA[TmFO
]]></utm_easting>
    <utm_northing encoded="true"><![CDATA[TmFO
]]></utm_northing>
    <vertical_datum encoded="true"><![CDATA[]]></vertical_datum>
    <datum encoded="true"><![CDATA[]]></datum>
    <item_count encoded="true"><![CDATA[MA==
]]></item_count>
    <quantity encoded="true"><![CDATA[MA==
]]></quantity>
    <common_name encoded="true"><![CDATA[QWlnbGUgcm95YWwsIMOhZ3VpYS1yZWFsLCDDgWd1aWxhIHJlYWw=
]]></common_name>
    <scientific_name encoded="true"><![CDATA[QXF1aWxhIGNocnlzYWV0b3M=
]]></scientific_name>
    <taxon_kingdom encoded="true"><![CDATA[QW5pbWFsaWE=
]]></taxon_kingdom>
    <taxon_division encoded="true"><![CDATA[]]></taxon_division>
    <taxon_class encoded="true"><![CDATA[QXZlcw==
]]></taxon_class>
    <taxon_order encoded="true"><![CDATA[QWNjaXBpdHJpZm9ybWVz
]]></taxon_order>
    <taxon_family encoded="true"><![CDATA[QWNjaXBpdHJpZGFl
]]></taxon_family>
    <taxon_genus encoded="true"><![CDATA[QXF1aWxh
]]></taxon_genus>
    <taxon_species encoded="true"><![CDATA[QXF1aWxhIGNocnlzYWV0b3M=
]]></taxon_species>
    <taxon_variety encoded="true"><![CDATA[]]></taxon_variety>
    <tsn_number encoded="true"><![CDATA[]]></tsn_number>
    <alpha_code_four encoded="true"><![CDATA[R09FQQ==
]]></alpha_code_four>
    <alpha_code_six encoded="true"><![CDATA[]]></alpha_code_six>
    <specimen_type encoded="true"><![CDATA[]]></specimen_type>
    <sex encoded="true"><![CDATA[bWFsZQ==
]]></sex>
    <age encoded="true"><![CDATA[YWR1bHQ=
]]></age>
    <condition encoded="true"><![CDATA[Y29tcGxldGU=
]]></condition>
    <body_length encoded="true"><![CDATA[TmFO
]]></body_length>
    <wingspan encoded="true"><![CDATA[TmFO
]]></wingspan>
    <weight encoded="true"><![CDATA[TmFO
]]></weight>
    <coloration encoded="true"><![CDATA[]]></coloration>
  </entry>
  <entry changedate="2025-03-17 17:47 UTC" createdate="2025-03-17 17:47 UTC" entryorder="999" fromdate="2025-03-17 17:47 UTC" id="905b36b5-b148-4c48-bcb9-24d45c395a2a" isgroup="true" name="Some folder" parent="7394cc4c-1c2b-41f9-8e62-05d7f653aa55" path="Top/Archive/Archive Type Examples/Golden Eagle/Some folder" todate="2025-03-17 17:47 UTC" type="group"/>
  <entry changedate="2025-03-18 11:58 UTC" createdate="2025-03-18 11:44 UTC" entryorder="999" fromdate="2025-03-18 11:44 UTC" id="8e3ec659-0357-4978-ac5c-a24d9b8fbf3c" isgroup="true" name="greenback cutthroat trout" parent="b23ba31a-a386-4b6f-a02a-b04c2f30bf66" path="Top/Archive/Archive Type Examples/greenback cutthroat trout" todate="2025-03-18 11:44 UTC" type="type_archive_ichthyology_specimen">
    <metadata id="1da50949-26cf-45fd-b46e-60d25d5a9610" inherited="false" type="content.thumbnail">
      <attr fileid="0a934526-a5c7-448a-a413-070e50439bb5" index="1"><![CDATA[YjcwZTE2ODMtMTlkMC00ZDM3LTg0NzctYjNkZjllMzc3ZjBjX2ZpbGVfZ3JlZW5iYWNrLmpwZWc=
]]></attr>
      <attr index="2"><![CDATA[]]></attr>
      <attr index="3"><![CDATA[ZmFsc2U=
]]></attr>
    </metadata>
    <locality encoded="true"><![CDATA[]]></locality>
    <country encoded="true"><![CDATA[]]></country>
    <county encoded="true"><![CDATA[]]></county>
    <state encoded="true"><![CDATA[]]></state>
    <waterbody_drain encoded="true"><![CDATA[]]></waterbody_drain>
    <township encoded="true"><![CDATA[]]></township>
    <range encoded="true"><![CDATA[]]></range>
    <section encoded="true"><![CDATA[]]></section>
    <utm_zone encoded="true"><![CDATA[]]></utm_zone>
    <utm_easting encoded="true"><![CDATA[TmFO
]]></utm_easting>
    <utm_northing encoded="true"><![CDATA[TmFO
]]></utm_northing>
    <vertical_datum encoded="true"><![CDATA[]]></vertical_datum>
    <datum encoded="true"><![CDATA[]]></datum>
    <deposit_environment encoded="true"><![CDATA[]]></deposit_environment>
    <habitat_type encoded="true"><![CDATA[]]></habitat_type>
    <habitat_description encoded="true"><![CDATA[]]></habitat_description>
    <item_count encoded="true"><![CDATA[MA==
]]></item_count>
    <quantity encoded="true"><![CDATA[MA==
]]></quantity>
    <common_name encoded="true"><![CDATA[Z3JlZW5iYWNrIGN1dHRocm9hdCB0cm91dA==
]]></common_name>
    <scientific_name encoded="true"><![CDATA[T25jb3JoeW5jaHVzIGNsYXJraWkgc3RvbWlhcw==
]]></scientific_name>
    <taxon_kingdom encoded="true"><![CDATA[QW5pbWFsaWE=
]]></taxon_kingdom>
    <taxon_division encoded="true"><![CDATA[]]></taxon_division>
    <taxon_class encoded="true"><![CDATA[VGVsZW9zdGVp
]]></taxon_class>
    <taxon_order encoded="true"><![CDATA[U2FsbW9uaWZvcm1lcw==
]]></taxon_order>
    <taxon_family encoded="true"><![CDATA[U2FsbW9uaWRhZQ==
]]></taxon_family>
    <taxon_genus encoded="true"><![CDATA[T25jb3JoeW5jaHVz
]]></taxon_genus>
    <taxon_species encoded="true"><![CDATA[T25jb3JoeW5jaHVzIGNsYXJraWk=
]]></taxon_species>
    <taxon_variety encoded="true"><![CDATA[]]></taxon_variety>
    <tsn_number encoded="true"><![CDATA[]]></tsn_number>
    <body_length encoded="true"><![CDATA[TmFO
]]></body_length>
    <weight encoded="true"><![CDATA[TmFO
]]></weight>
  </entry>
  <entry changedate="2025-03-18 11:58 UTC" createdate="2025-03-18 11:36 UTC" entryorder="999" fromdate="2025-03-18 11:36 UTC" id="4809f5be-d2c5-4d95-9a68-9f1a113c9069" isgroup="true" name="Lower California Rattlesnake" parent="b23ba31a-a386-4b6f-a02a-b04c2f30bf66" path="Top/Archive/Archive Type Examples/Lower California Rattlesnake" todate="2025-03-18 11:36 UTC" type="type_archive_herpetology_specimen">
    <description encoded="true"><![CDATA[U29tZSBzbmFrZSBkZXNjcmlwdGlvbg==
]]></description>
    <metadata id="f08a89be-2957-4e03-9969-68cd04aa8165" inherited="false" type="content.thumbnail">
      <attr fileid="06006032-d018-4f81-ab8c-bb4cbf8cd318" index="1"><![CDATA[YzFhYmU4NDYtM2IwMC00MDQwLWE5MjYtYzdkNTU3NjU5ODc5X2ZpbGVfcmF0dGxlc25ha2UuanBn
]]></attr>
      <attr index="2"><![CDATA[]]></attr>
      <attr index="3"><![CDATA[ZmFsc2U=
]]></attr>
    </metadata>
    <locality encoded="true"><![CDATA[]]></locality>
    <country encoded="true"><![CDATA[]]></country>
    <county encoded="true"><![CDATA[]]></county>
    <state encoded="true"><![CDATA[]]></state>
    <waterbody_drain encoded="true"><![CDATA[]]></waterbody_drain>
    <township encoded="true"><![CDATA[]]></township>
    <range encoded="true"><![CDATA[]]></range>
    <section encoded="true"><![CDATA[]]></section>
    <utm_zone encoded="true"><![CDATA[]]></utm_zone>
    <utm_easting encoded="true"><![CDATA[TmFO
]]></utm_easting>
    <utm_northing encoded="true"><![CDATA[TmFO
]]></utm_northing>
    <vertical_datum encoded="true"><![CDATA[]]></vertical_datum>
    <datum encoded="true"><![CDATA[]]></datum>
    <deposit_environment encoded="true"><![CDATA[]]></deposit_environment>
    <habitat_type encoded="true"><![CDATA[]]></habitat_type>
    <habitat_description encoded="true"><![CDATA[]]></habitat_description>
    <item_count encoded="true"><![CDATA[MA==
]]></item_count>
    <quantity encoded="true"><![CDATA[MA==
]]></quantity>
    <common_name encoded="true"><![CDATA[VsOtYm9yYS1jYXNjYWJlbCBiYWphY2FsaWZvcm5pYW5hLCBCYWphIENhbGlmb3JuaWEgUmF0dGxl
c25ha2UsIExvd2VyIENhbGlmb3JuaWEgUmF0dGxlc25ha2U=
]]></common_name>
    <scientific_name encoded="true"><![CDATA[Q3JvdGFsdXMgZW55bw==
]]></scientific_name>
    <taxon_kingdom encoded="true"><![CDATA[QW5pbWFsaWE=
]]></taxon_kingdom>
    <taxon_division encoded="true"><![CDATA[]]></taxon_division>
    <taxon_class encoded="true"><![CDATA[UmVwdGlsaWE=
]]></taxon_class>
    <taxon_order encoded="true"><![CDATA[U3F1YW1hdGE=
]]></taxon_order>
    <taxon_family encoded="true"><![CDATA[VmlwZXJpZGFl
]]></taxon_family>
    <taxon_genus encoded="true"><![CDATA[Q3JvdGFsdXM=
]]></taxon_genus>
    <taxon_species encoded="true"><![CDATA[Q3JvdGFsdXMgZW55bw==
]]></taxon_species>
    <taxon_variety encoded="true"><![CDATA[]]></taxon_variety>
    <tsn_number encoded="true"><![CDATA[]]></tsn_number>
    <body_length encoded="true"><![CDATA[TmFO
]]></body_length>
    <weight encoded="true"><![CDATA[TmFO
]]></weight>
  </entry>
  <entry changedate="2025-03-18 11:59 UTC" createdate="2025-03-18 11:40 UTC" entryorder="999" fromdate="2025-03-18 11:40 UTC" id="fd1d9a0f-781b-4a15-abc5-fe0abe9c3c11" isgroup="true" name="Ring-tailed Ground Squirrel" parent="b23ba31a-a386-4b6f-a02a-b04c2f30bf66" path="Top/Archive/Archive Type Examples/Ring-tailed Ground Squirrel" todate="2025-03-18 11:40 UTC" type="type_archive_mammalogy_specimen">
    <metadata id="0ac56d14-f8b9-4ffd-8f2d-1ab61c5348e7" inherited="false" type="content.thumbnail">
      <attr fileid="3d6d39d9-9567-49bc-81ec-eb238a970239" index="1"><![CDATA[YzVmY2E5MDQtMjk4Zi00ZmVmLThkMDQtOTgxMDc1NTdkMTc1X2ZpbGVfZ3JvdW5kc3F1aXJyZWwu
anBlZw==
]]></attr>
      <attr index="2"><![CDATA[]]></attr>
      <attr index="3"><![CDATA[ZmFsc2U=
]]></attr>
    </metadata>
    <locality encoded="true"><![CDATA[]]></locality>
    <country encoded="true"><![CDATA[]]></country>
    <county encoded="true"><![CDATA[]]></county>
    <state encoded="true"><![CDATA[]]></state>
    <waterbody_drain encoded="true"><![CDATA[]]></waterbody_drain>
    <township encoded="true"><![CDATA[]]></township>
    <range encoded="true"><![CDATA[]]></range>
    <section encoded="true"><![CDATA[]]></section>
    <utm_zone encoded="true"><![CDATA[]]></utm_zone>
    <utm_easting encoded="true"><![CDATA[TmFO
]]></utm_easting>
    <utm_northing encoded="true"><![CDATA[TmFO
]]></utm_northing>
    <vertical_datum encoded="true"><![CDATA[]]></vertical_datum>
    <datum encoded="true"><![CDATA[]]></datum>
    <deposit_environment encoded="true"><![CDATA[]]></deposit_environment>
    <habitat_type encoded="true"><![CDATA[]]></habitat_type>
    <habitat_description encoded="true"><![CDATA[]]></habitat_description>
    <item_count encoded="true"><![CDATA[MA==
]]></item_count>
    <quantity encoded="true"><![CDATA[MA==
]]></quantity>
    <common_name encoded="true"><![CDATA[UmluZy10YWlsZWQgR3JvdW5kIFNxdWlycmVs
]]></common_name>
    <scientific_name encoded="true"><![CDATA[Tm90b2NpdGVsbHVzIGFubnVsYXR1cw==
]]></scientific_name>
    <taxon_kingdom encoded="true"><![CDATA[QW5pbWFsaWE=
]]></taxon_kingdom>
    <taxon_division encoded="true"><![CDATA[]]></taxon_division>
    <taxon_class encoded="true"><![CDATA[TWFtbWFsaWE=
]]></taxon_class>
    <taxon_order encoded="true"><![CDATA[Um9kZW50aWE=
]]></taxon_order>
    <taxon_family encoded="true"><![CDATA[U2NpdXJpZGFl
]]></taxon_family>
    <taxon_genus encoded="true"><![CDATA[Tm90b2NpdGVsbHVz
]]></taxon_genus>
    <taxon_species encoded="true"><![CDATA[Tm90b2NpdGVsbHVzIGFubnVsYXR1cw==
]]></taxon_species>
    <taxon_variety encoded="true"><![CDATA[]]></taxon_variety>
    <tsn_number encoded="true"><![CDATA[]]></tsn_number>
    <body_length encoded="true"><![CDATA[TmFO
]]></body_length>
    <weight encoded="true"><![CDATA[TmFO
]]></weight>
  </entry>
  <entry changedate="2025-03-14 19:27 UTC" createdate="2025-03-04 12:45 UTC" east="-103.3769542" entryorder="999" fromdate="2025-03-04 00:00 UTC" id="1a664689-0002-4cbf-8c01-3da4962777cd" isgroup="false" name="Test archive site" north="38.8225909" parent="b23ba31a-a386-4b6f-a02a-b04c2f30bf66" path="Top/Archive/Archive Type Examples/Test archive site" south="38.8225909" todate="2025-03-04 00:00 UTC" type="type_archive_site" west="-103.3769542">
    <metadata id="7c40cd52-862d-4d86-8af7-efdc7f5a2b6b" inherited="false" type="content.thumbnail">
      <attr fileid="79eb2b5f-d8ca-47e7-a4aa-b6f5dae261a1" index="1"><![CDATA[OWU2NWJlYjMtM2RkNS00ZTZiLTk0NDgtMGU1ZmQ2OTQ0ZGM4X2ZpbGVfc2l0ZS5qcGc=
]]></attr>
      <attr index="2"><![CDATA[]]></attr>
      <attr index="3"><![CDATA[ZmFsc2U=
]]></attr>
    </metadata>
    <locality encoded="true"><![CDATA[U29tZSBsb2NhbGl0eQ==
]]></locality>
    <country encoded="true"><![CDATA[VVM=
]]></country>
    <county encoded="true"><![CDATA[VHJpcHAgQ291bnR5
]]></county>
    <state encoded="true"><![CDATA[U291dGggRGFrb3Rh
]]></state>
    <waterbody_drain encoded="true"><![CDATA[]]></waterbody_drain>
    <township encoded="true"><![CDATA[U29tZSB0b3duc2hpcA==
]]></township>
    <range encoded="true"><![CDATA[]]></range>
    <section encoded="true"><![CDATA[]]></section>
    <utm_zone encoded="true"><![CDATA[]]></utm_zone>
    <utm_easting encoded="true"><![CDATA[TmFO
]]></utm_easting>
    <utm_northing encoded="true"><![CDATA[TmFO
]]></utm_northing>
    <vertical_datum encoded="true"><![CDATA[]]></vertical_datum>
    <datum encoded="true"><![CDATA[]]></datum>
    <deposit_environment encoded="true"><![CDATA[]]></deposit_environment>
  </entry>
  <entry changedate="2025-03-15 11:26 UTC" createdate="2025-03-15 11:26 UTC" entryorder="999" fromdate="2025-03-15 11:26 UTC" id="c3a197b1-0369-4af5-a8ae-fc96bad6ed1c" isgroup="true" name="verbena" parent="b23ba31a-a386-4b6f-a02a-b04c2f30bf66" path="Top/Archive/Archive Type Examples/verbena" todate="2025-03-15 11:26 UTC" type="type_archive_taxonomy">
    <locality encoded="true"><![CDATA[]]></locality>
    <country encoded="true"><![CDATA[]]></country>
    <county encoded="true"><![CDATA[]]></county>
    <state encoded="true"><![CDATA[]]></state>
    <waterbody_drain encoded="true"><![CDATA[]]></waterbody_drain>
    <township encoded="true"><![CDATA[]]></township>
    <range encoded="true"><![CDATA[]]></range>
    <section encoded="true"><![CDATA[]]></section>
    <utm_zone encoded="true"><![CDATA[]]></utm_zone>
    <utm_easting encoded="true"><![CDATA[TmFO
]]></utm_easting>
    <utm_northing encoded="true"><![CDATA[TmFO
]]></utm_northing>
    <vertical_datum encoded="true"><![CDATA[]]></vertical_datum>
    <datum encoded="true"><![CDATA[]]></datum>
    <item_count encoded="true"><![CDATA[MA==
]]></item_count>
    <quantity encoded="true"><![CDATA[MA==
]]></quantity>
    <common_name encoded="true"><![CDATA[cGluayBzYW5kIHZlcmJlbmEsIHJvc2UtcHVycGxlIHNhbmQtdmVyYmVuYQ==
]]></common_name>
    <scientific_name encoded="true"><![CDATA[QWJyb25pYSB1bWJlbGxhdGEgc3NwLiBhY3V0YWxhdGE=
]]></scientific_name>
    <taxon_kingdom encoded="true"><![CDATA[UGxhbnRhZQ==
]]></taxon_kingdom>
    <taxon_division encoded="true"><![CDATA[VHJhY2hlb3BoeXRh
]]></taxon_division>
    <taxon_class encoded="true"><![CDATA[TWFnbm9saW9wc2lkYQ==
]]></taxon_class>
    <taxon_order encoded="true"><![CDATA[Q2FyeW9waHlsbGFsZXM=
]]></taxon_order>
    <taxon_family encoded="true"><![CDATA[TnljdGFnaW5hY2VhZQ==
]]></taxon_family>
    <taxon_genus encoded="true"><![CDATA[QWJyb25pYQ==
]]></taxon_genus>
    <taxon_species encoded="true"><![CDATA[QWJyb25pYSBuYW5h
]]></taxon_species>
    <taxon_variety encoded="true"><![CDATA[QWJyb25pYSBuYW5hIHZhci4gY292aWxsZWk=
]]></taxon_variety>
    <tsn_number encoded="true"><![CDATA[]]></tsn_number>
  </entry>
</entries>
